<?xml version = '1.0' encoding = 'UTF-8'?>
<page xmlns:jrad="http://xmlns.oracle.com/jrad" xmlns:oa="http://xmlns.oracle.com/oa" xmlns:ui="http://xmlns.oracle.com/uix/ui" version="10.1.3_1086" xml:lang="en-US" xmlns:user="http://xmlns.oracle.com/jrad/user" xmlns="http://xmlns.oracle.com/jrad" file-version="$Header: BancadaAnexosPG.xml 121.9 28/05/2020 12:00:00 pravprak ship $">
   <content>
      <oa:pageLayout id="PageLayoutRN" amDefName="xxsae.oracle.apps.xbol.bancadaPagamento.server.BancadaComprovanteAM" windowTitle="Bancada de Pagamentos - Anexos" title="Bancada de Pagamentos - Anexos" controllerClass="xxsae.oracle.apps.xbol.bancadaPagamento.webui.BancadaAnexosCO">
         <ui:corporateBranding>
            <oa:image id="corporateBrandingImage" source="/OA_MEDIA/FNDSSCORP.gif"/>
         </ui:corporateBranding>
         <ui:contents>
            <oa:pageButtonBar id="PageButtons">
               <ui:contents>
                  <oa:submitButton id="Voltar" text="Voltar" prompt="Voltar"/>
               </ui:contents>
            </oa:pageButtonBar>
            <oa:formValue id="InvoiceId" dataType="NUMBER" prompt="InvoiceId" viewName="BancadaAnexosVO" viewAttr="InvoiceId"/>
            <oa:formValue id="HeaderIdNfee" dataType="VARCHAR2" prompt="HeaderIdNfee" viewName="BancadaAnexosVO" viewAttr="HeaderIdNfee"/>
            <oa:formValue id="CllInvoiceId" dataType="VARCHAR2" prompt="CllInvoiceId" viewName="BancadaAnexosVO" viewAttr="CllInvoiceId"/>
            <oa:attachmentTable id="Anexos" text="Anexos da Bancada de Pagamento" viewName="BancadaAnexosVO" enableDocumentCatalog="false" autoCommitEnabled="true">
               <oa:entityMappings>
                  <oa:entityMap id="SAE_AP_BORDERO" entityId="SAE_AP_BORDERO">
                     <oa:primaryKeys>
                        <oa:primaryKey id="BORDERO_primaryKey" viewAttr="InvoiceId"/>
                     </oa:primaryKeys>
                     <oa:categoryMappings>
                        <oa:categoryMap id="comprovantePagamento" categoryName="CUSTOM1000690"/>
                        <oa:categoryMap id="bancadaPagamento" categoryName="CUSTOM1000691"/>
                     </oa:categoryMappings>
                  </oa:entityMap>
               </oa:entityMappings>
            </oa:attachmentTable>
            <oa:attachmentTable id="Anexos_CLL" text="Anexos do RI - CLL" viewName="BancadaAnexosVO" enableDocumentCatalog="false" autoCommitEnabled="true">
               <oa:entityMappings>
                  <oa:entityMap id="INVOICE_ID" entityId="INVOICE_ID" insertAllowed="false" updateAllowed="false" deleteAllowed="false" showAll="true">
                     <oa:primaryKeys>
                        <oa:primaryKey id="CLL_primaryKey1" viewAttr="CllInvoiceId"/>
                     </oa:primaryKeys>
                  </oa:entityMap>
               </oa:entityMappings>
            </oa:attachmentTable>
            <oa:attachmentTable id="Anexos_AP" text="Anexos do Título no AP" viewName="BancadaAnexosVO" enableDocumentCatalog="false" autoCommitEnabled="true">
               <oa:entityMappings>
                  <oa:entityMap id="AP_INVOICES" insertAllowed="false" updateAllowed="false" deleteAllowed="false" entityId="AP_INVOICES" showAll="true">
                     <oa:primaryKeys>
                        <oa:primaryKey id="AP_primaryKey1" viewAttr="InvoiceId"/>
                     </oa:primaryKeys>
                  </oa:entityMap>
               </oa:entityMappings>
            </oa:attachmentTable>
            <oa:attachmentTable id="AnexosNFEE" text="Anexos da Bancada NFEE" viewName="BancadaAnexosVO" enableDocumentCatalog="false" autoCommitEnabled="true">
               <oa:entityMappings>
                  <oa:entityMap id="ANEXOS_NFEE" entityId="ANEXOS NFEE" insertAllowed="false" updateAllowed="false" deleteAllowed="false" showAll="true">
                     <oa:primaryKeys>
                        <oa:primaryKey id="NFEE_primaryKey1" viewAttr="HeaderIdNfee"/>
                     </oa:primaryKeys>
                  </oa:entityMap>
                  <oa:entityMap id="BOLETO" entityId="BOLETO" showAll="true" insertAllowed="false" updateAllowed="false" deleteAllowed="false">
                     <oa:primaryKeys>
                        <oa:primaryKey id="BOLETO_primaryKey1" viewAttr="HeaderIdNfee"/>
                     </oa:primaryKeys>
                  </oa:entityMap>
               </oa:entityMappings>
            </oa:attachmentTable>
         </ui:contents>
      </oa:pageLayout>
   </content>
</page>
