<?xml version = '1.0' encoding = 'UTF-8'?>
<!-- dbdrv: exec java oracle/jrad/tools/xml/importer XMLImporter.class java &phase=dat+24 checkfile:~PROD:~PATH:~FILE &fullpath:~PROD:~PATH:~FILE -username &un_apps -password &pw_apps -dbconnection &jdbc_db_addr  -userId "1" -rootPackage /oracle/apps/~PROD  -rootdir &fullpath:~PROD:mds:directory  -->
<oa:contentContainer version="10.1.3_1086" xml:lang="en-US" xmlns:oa="http://xmlns.oracle.com/oa" xmlns:jrad="http://xmlns.oracle.com/jrad" xmlns:ui="http://xmlns.oracle.com/uix/ui" xmlns:user="http://xmlns.oracle.com/jrad/user" xmlns="http://xmlns.oracle.com/jrad" file-version="$Header: PosPrfChgRecToDoRN.xml 120.7 2019/11/27 12:00 shgao noship $" controllerClass="oracle.apps.pos.request.webui.PosPrfChgRecToDoCO" amDefName="xxsae.oracle.apps.pos.request.server.SaePosPrfChgRecToDoAM" scope="/" text="To Do List">
   <ui:contents>
      <oa:messageComponentLayout id="todoRegion" rows="4" columns="1">
         <ui:contents>
            <oa:messageLayout id="NewSuppReqLayout">
               <ui:contents>
                  <oa:link id="PosNewSuppReqLink" destination="OA.jsp?page=/oracle/apps/pos/onboard/webui/NewSuppReqSearchPG&amp;addBreadCrumb=Y" text="" viewName="PosNewSuppReqCountVO" viewAttr="Count"/>
               </ui:contents>
            </oa:messageLayout>
            <oa:messageLayout id="ProspSuppRegLayout">
               <ui:contents>
                  <oa:link id="PosProspSuppRegLink" destination="OA.jsp?page=/oracle/apps/pos/onboard/webui/ProspRegSearchPG&amp;addBreadCrumb=Y" text="" viewName="PosProspSuppRegCountVO" viewAttr="Count"/>
               </ui:contents>
            </oa:messageLayout>
            <oa:messageLayout id="AddrCountLayout">
               <ui:contents>
                  <oa:link id="PosAddrCountLink" destination="" text="" viewName="PosAddrReqCountVO" viewAttr="Count" invokeFunc="POS_SUPPLIER_ADDR_REQ_FUNC"/>
               </ui:contents>
            </oa:messageLayout>
            <oa:messageLayout id="ContCountLayout">
               <ui:contents>
                  <oa:link id="PosContCountLink" destination="" viewName="PosContReqCountVO" viewAttr="Count" text="" invokeFunc="POS_SUPPLIER_CONT_REQ_FUNC"/>
               </ui:contents>
            </oa:messageLayout>
            <oa:messageLayout id="BCCountLayout">
               <ui:contents>
                  <oa:link id="PosBCCountLink" destination="" viewName="PosBCReqCountVO" viewAttr="Count" invokeFunc="POS_SUPPLIER_BC_REQ_FUNC"/>
               </ui:contents>
            </oa:messageLayout>
            <oa:messageLayout id="PSCountLayout">
               <ui:contents>
                  <oa:link id="PosPSCountLink" destination="" viewName="PosPSReqCountVO" viewAttr="Count" invokeFunc="POS_SUPPLIER_PS_REQ_FUNC"/>
               </ui:contents>
            </oa:messageLayout>
            <oa:messageLayout id="BankCountLayout">
               <ui:contents>
                  <oa:link id="PosBankingReqLink" invokeFunc="POS_SBD_APV_ALL_ACT" viewName="PosSBDReqCountVO" viewAttr="Message"/>
               </ui:contents>
            </oa:messageLayout>
            <oa:messageLayout id="DocsCountLayout">
               <ui:contents>
                  <oa:link id="PosDocsCountLink" destination="" viewName="SaePosDocnReqCountVO" viewAttr="Count1" invokeFunc="SAE_POS_SUPP_DOCS_FUNC"/>
               </ui:contents>
            </oa:messageLayout>
         </ui:contents>
      </oa:messageComponentLayout>
   </ui:contents>
</oa:contentContainer>
