<?xml version = '1.0' encoding = 'UTF-8'?>
<page xmlns:jrad="http://xmlns.oracle.com/jrad" xmlns:oa="http://xmlns.oracle.com/oa" xmlns:ui="http://xmlns.oracle.com/uix/ui" version="10.1.3_1086" xml:lang="en-US" xmlns:user="http://xmlns.oracle.com/jrad/user" xmlns="http://xmlns.oracle.com/jrad" file-version="$Header: SaePosDocnChgReqPG.xml 120.1 12/09/2019 12:00:00 appldev ship $">
   <content>
      <oa:pageLayout id="PageLayoutRN" amDefName="xxsae.oracle.apps.pos.request.server.SaePosDocnChgReqAM" windowTitle="Fornecedores" title="Solicitações de Aprovação Gestão de Documentos" controllerClass="xxsae.oracle.apps.pos.request.webui.SaePosDocnChgReqCO">
         <ui:corporateBranding>
            <oa:image id="corporateBrandingImage" source="/OA_MEDIA/FNDSSCORP.gif"/>
         </ui:corporateBranding>
         <ui:contents>
            <oa:query id="QueryRN" mode="autoCustomizationCriteria" dispSimple="true">
               <ui:contents>
                  <oa:table id="ResultsTable" blockSize="30" width="100%">
                     <ui:contents>
                        <oa:messageStyledText id="VendorName" dataType="VARCHAR2" prompt="Fornecedor" viewName="SaePosDocnChgReqVO" viewAttr="VendorName" maximumLength="240"/>
                        <oa:messageStyledText id="DocumentCode" dataType="VARCHAR2" prompt="Cod. Documento" viewName="SaePosDocnChgReqVO" viewAttr="DocumentCode" maximumLength="30"/>
                        <oa:messageStyledText id="DocumentDesc" dataType="VARCHAR2" prompt="Nome do Documento" viewName="SaePosDocnChgReqVO" viewAttr="DocumentDesc" maximumLength="240"/>
                        <oa:messageCheckBox id="RequiredFlag" dataType="VARCHAR2" prompt="Obrigatório" viewName="SaePosDocnChgReqVO" viewAttr="RequiredFlag" checkedValue="Y" unCheckedValue="N" readOnly="true" text="Obrigatório"/>
                        <oa:messageStyledText id="EndDate" dataType="DATE" prompt="Data de Expiração" viewName="SaePosDocnChgReqVO" viewAttr="EndDate"/>
                        <oa:messageChoice id="Status" dataType="VARCHAR2" prompt="Status" viewName="SaePosDocnChgReqVO" viewAttr="Status" pickListViewDef="xxsae.oracle.apps.pos.supplier.homolog.poplist.XXSAE_POS_SupplierStatusVO" pickListDispAttr="Status" pickListValAttr="StatusId" readOnly="true"/>
                        <oa:switcher id="AttachSwitcher" viewName="SaePosDocnChgReqVO" prompt="Anexos" viewAttr="AttachSwitcher">
                           <ui:case name="AttachEnabled">
                              <oa:attachmentImage id="AttachEnabled" viewName="SaePosDocnChgReqVO" prompt="Anexos" autoCommitEnabled="true" enableDocumentCatalog="false">
                                 <oa:entityMappings>
                                    <oa:entityMap id="SAE_POS_SUPPLIER_DOCS" entityId="SAE_POS_SUPPLIER_DOCS" insertAllowed="true" updateAllowed="true" deleteAllowed="true">
                                       <oa:primaryKeys>
                                          <oa:primaryKey id="primaryKey1" viewAttr="VendorId"/>
                                          <oa:primaryKey id="primaryKey2" viewAttr="DocumentCode"/>
                                       </oa:primaryKeys>
                                    </oa:entityMap>
                                 </oa:entityMappings>
                              </oa:attachmentImage>
                           </ui:case>
                           <ui:case name="AttachDisabled">
                              <oa:attachmentImage id="AttachDisabled" viewName="SaePosDocnChgReqVO" prompt="Anexos" autoCommitEnabled="true" enableDocumentCatalog="false">
                                 <oa:entityMappings>
                                    <oa:entityMap id="SAE_POS_SUPPLIER_DOCS1" entityId="SAE_POS_SUPPLIER_DOCS" insertAllowed="true" updateAllowed="false" deleteAllowed="false">
                                       <oa:primaryKeys>
                                          <oa:primaryKey id="primaryKey11" viewAttr="VendorId"/>
                                          <oa:primaryKey id="primaryKey21" viewAttr="DocumentCode"/>
                                       </oa:primaryKeys>
                                    </oa:entityMap>
                                 </oa:entityMappings>
                              </oa:attachmentImage>
                           </ui:case>
                        </oa:switcher>
                        <oa:formValue id="VendorId" dataType="NUMBER" prompt="VendorId" viewName="SaePosDocnChgReqVO" viewAttr="VendorId"/>
                        <oa:formValue id="CreationDate" dataType="DATE" prompt="CreationDate" viewName="SaePosDocnChgReqVO" viewAttr="CreationDate"/>
                        <oa:formValue id="CreatedBy" dataType="NUMBER" prompt="CreatedBy" viewName="SaePosDocnChgReqVO" viewAttr="CreatedBy"/>
                        <oa:formValue id="LastUpdateDate" dataType="DATE" prompt="LastUpdateDate" viewName="SaePosDocnChgReqVO" viewAttr="LastUpdateDate"/>
                        <oa:formValue id="LastUpdatedBy" dataType="NUMBER" prompt="LastUpdatedBy" viewName="SaePosDocnChgReqVO" viewAttr="LastUpdatedBy"/>
                        <oa:formValue id="LastUpdateLogin" dataType="NUMBER" prompt="LastUpdateLogin" viewName="SaePosDocnChgReqVO" viewAttr="LastUpdateLogin"/>
                     </ui:contents>
                     <ui:tableActions>
                        <oa:flowLayout id="TableButtons">
                           <ui:contents>
                              <oa:submitButton id="Rejeitar" text="Rejeitar" prompt="Rejeitar"/>
                              <oa:submitButton id="Aprovar" text="Aprovar" prompt="Aprovar"/>
                           </ui:contents>
                        </oa:flowLayout>
                     </ui:tableActions>
                     <ui:tableSelection>
                        <oa:multipleSelection id="DocnReqSelection" viewName="SaePosDocnChgReqVO" viewAttr="isSelected"/>
                     </ui:tableSelection>
                  </oa:table>
               </ui:contents>
               <oa:simpleSearchMappings>
                  <oa:queryCriteriaMap id="DocumentoCritMap" criteriaItem="SearchDocumento" resultsItem="DocumentDesc"/>
                  <oa:queryCriteriaMap id="FornecedorCritMap" criteriaItem="SearchFornecedor" resultsItem="VendorName"/>
               </oa:simpleSearchMappings>
               <oa:simpleSearchPanel>
                  <oa:header text="Pesquisa" id="SimpleSearchHdr">
                     <ui:contents>
                        <oa:messageComponentLayout id="CustomSimpleSearch">
                           <ui:contents>
                              <oa:messageLovInput id="SearchFornecedor" externalListOfValues="/xxsae/oracle/apps/pos/supplier/homolog/lov/webui/XXSAE_POS_FornecedoresLovRN" prompt="Fornecedor" maximumLength="240" columns="80">
                                 <lovMappings>
                                    <lovMap id="SearchFornecedorLovMap" lovItem="VendorName" resultTo="SearchFornecedor" criteriaFrom="SearchFornecedor"/>
                                 </lovMappings>
                              </oa:messageLovInput>
                              <oa:messageLovInput id="SearchDocumento" externalListOfValues="/xxsae/oracle/apps/pos/supplier/homolog/lov/webui/XXSAE_POS_SupplierDocumentsLovRN" prompt="Documento" maximumLength="240" columns="80">
                                 <lovMappings>
                                    <lovMap id="SearchDocumentoLovMap" lovItem="DocumentDesc" resultTo="SearchDocumento" criteriaFrom="SearchDocumento"/>
                                 </lovMappings>
                              </oa:messageLovInput>
                           </ui:contents>
                        </oa:messageComponentLayout>
                     </ui:contents>
                  </oa:header>
               </oa:simpleSearchPanel>
            </oa:query>
         </ui:contents>
      </oa:pageLayout>
   </content>
</page>
