<?xml version = '1.0' encoding = 'UTF-8'?>
<page xmlns:jrad="http://xmlns.oracle.com/jrad" xmlns:oa="http://xmlns.oracle.com/oa" xmlns:ui="http://xmlns.oracle.com/uix/ui" version="10.1.3_1086" xml:lang="en-US" xmlns:user="http://xmlns.oracle.com/jrad/user" xmlns="http://xmlns.oracle.com/jrad" file-version="$Header: XXSAE_POS_SupplierPG.xml 120.3 12/09/2019 12:00:00 appldev ship $">
   <content>
      <oa:pageLayout id="PageLayoutRN" amDefName="xxsae.oracle.apps.pos.supplier.homolog.server.XXSAE_POS_SupplierTypeAM" windowTitle="SAE - Homologação de Fornecedores" title="Gestão de Documentação" controllerClass="xxsae.oracle.apps.pos.supplier.homolog.webui.XXSAE_POS_SupplierCO">
         <ui:corporateBranding>
            <oa:image id="corporateBrandingImage" source="/OA_MEDIA/FNDSSCORP.gif"/>
         </ui:corporateBranding>
         <ui:contents>
            <oa:pageButtonBar id="PageButtons">
               <ui:contents>
                  <oa:submitButton id="Salvar" text="Salvar" prompt="Salvar"/>
                  <oa:submitButton id="Cancelar" text="Cancelar" prompt="Cancelar"/>
               </ui:contents>
            </oa:pageButtonBar>
            <oa:header id="SupplierTypeRN">
               <ui:contents>
                  <oa:messageComponentLayout id="MainLayoutRN" width="100%" rows="3" columns="1" promptWidth="30%" fieldWidth="70%">
                     <ui:contents>
                        <oa:messageChoice id="VendorType" dataType="VARCHAR2" prompt="Tipo do Fornecedor" viewName="XXSAE_POS_SupplierTypeVO" viewAttr="VendorType" pickListDispAttr="SupplierTypeDesc" pickListValAttr="SupplierType" pickListViewDef="xxsae.oracle.apps.pos.supplier.homolog.poplist.XXSAE_POS_SupplierTypeVO" required="yes"/>
                        <oa:messageChoice id="VendorPotential" dataType="VARCHAR2" prompt="Potencial" viewName="XXSAE_POS_SupplierTypeVO" viewAttr="VendorPotential" pickListViewDef="xxsae.oracle.apps.pos.supplier.homolog.poplist.XXSAE_POS_SupplierPotentialVO" pickListDispAttr="SupplierPotentialDesc" pickListValAttr="SupplierPotential" required="yes"/>
                     </ui:contents>
                  </oa:messageComponentLayout>
                  <oa:formValue id="VendorId" dataType="NUMBER" prompt="VendorId" viewName="XXSAE_POS_SupplierTypeVO" viewAttr="VendorId"/>
                  <oa:formValue id="CreationDate" dataType="DATE" prompt="CreationDate" viewName="XXSAE_POS_SupplierTypeVO" viewAttr="CreationDate"/>
                  <oa:formValue id="CreatedBy" dataType="NUMBER" prompt="CreatedBy" viewName="XXSAE_POS_SupplierTypeVO" viewAttr="CreatedBy"/>
                  <oa:formValue id="LastUpdateDate" dataType="DATE" prompt="LastUpdateDate" viewName="XXSAE_POS_SupplierTypeVO" viewAttr="LastUpdateDate"/>
                  <oa:formValue id="LastUpdatedBy" dataType="NUMBER" prompt="LastUpdatedBy" viewName="XXSAE_POS_SupplierTypeVO" viewAttr="LastUpdatedBy"/>
                  <oa:formValue id="LastUpdateLogin" dataType="NUMBER" prompt="LastUpdateLogin" viewName="XXSAE_POS_SupplierTypeVO" viewAttr="LastUpdateLogin"/>
                  <oa:tip id="Dica" styleClass="OraInstructionText" tipMessageName="SAE_POS_SUPPLIER_UPD_WARNING" tipMessageAppShortName="XBOL"/>
               </ui:contents>
            </oa:header>
            <oa:header id="SupplierDocsRN" text="Lista de Documentos para Empresa">
               <ui:contents>
                  <oa:submitButton id="Atualizar" text="Atualizar Lista de Documentos" prompt="Atualizar Lista de Documentos" rendered="true"/>
                  <oa:separator id="Separator"/>
                  <oa:table id="SupplierDocsTable" blockSize="15" width="100%">
                     <ui:contents>
                        <oa:messageTextInput id="DocumentCode" dataType="VARCHAR2" prompt="Cod. Documento" viewName="XXSAE_POS_SupplierDocsVO" viewAttr="DocumentCode" readOnly="true" rows="1" columns="5" sortState="yes"/>
                        <oa:messageTextInput id="DocumentDesc" dataType="VARCHAR2" prompt="Nome do Documento" viewName="XXSAE_POS_SupplierDocsVO" viewAttr="DocumentDesc" maximumLength="240" rows="1" columns="100" readOnly="true" sortState="yes"/>
                        <oa:messageCheckBox id="RequiredFlag" dataType="VARCHAR2" prompt="Obrigatório" viewName="XXSAE_POS_SupplierDocsVO" viewAttr="RequiredFlag" readOnly="true" checkedValue="Y" unCheckedValue="N" sortState="yes"/>
                        <oa:messageTextInput id="EndDate" dataType="DATE" prompt="Data de Expiração" viewName="XXSAE_POS_SupplierDocsVO" viewAttr="EndDate" maximumLength="1" sortState="yes" readOnly="false"/>
                        <oa:messageChoice id="Status" dataType="VARCHAR2" prompt="Status" viewName="XXSAE_POS_SupplierDocsVO" viewAttr="Status" readOnly="false" sortState="yes" pickListViewName="" pickListDispAttr="Status" pickListValAttr="StatusId" pickListViewDef="xxsae.oracle.apps.pos.supplier.homolog.poplist.XXSAE_POS_SupplierStatusVO"/>
                        <oa:formValue id="CreationDate_d" dataType="DATE" prompt="CreationDate" viewName="XXSAE_POS_SupplierDocsVO" viewAttr="CreationDate"/>
                        <oa:formValue id="CreatedBy_d" dataType="NUMBER" prompt="CreatedBy" viewName="XXSAE_POS_SupplierDocsVO" viewAttr="CreatedBy"/>
                        <oa:formValue id="LastUpdateDate_d" dataType="DATE" prompt="LastUpdateDate" viewName="XXSAE_POS_SupplierDocsVO" viewAttr="LastUpdateDate"/>
                        <oa:formValue id="LastUpdateLogin_d" dataType="NUMBER" prompt="LastUpdateLogin" viewName="XXSAE_POS_SupplierDocsVO" viewAttr="LastUpdateLogin"/>
                        <oa:formValue id="LastUpdatedBy_d" dataType="NUMBER" prompt="LastUpdatedBy" viewName="XXSAE_POS_SupplierDocsVO" viewAttr="LastUpdatedBy"/>
                        <oa:formValue id="VendorId_d" dataType="NUMBER" prompt="VendorId" viewName="XXSAE_POS_SupplierDocsVO" viewAttr="VendorId"/>
                        <oa:switcher id="AttachSwitcher" viewName="XXSAE_POS_SupplierDocsVO" prompt="Anexos" viewAttr="AttachSwitcher">
                           <ui:case name="AttachEnabled">
                              <oa:attachmentImage id="AttachEnabled" viewName="XXSAE_POS_SupplierDocsVO" prompt="Anexos" autoCommitEnabled="true">
                                 <oa:entityMappings>
                                    <oa:entityMap id="SAE_POS_SUPPLIER_DOCS" entityId="SAE_POS_SUPPLIER_DOCS" insertAllowed="true" updateAllowed="true" deleteAllowed="true">
                                       <oa:primaryKeys>
                                          <oa:primaryKey id="primaryKey1" viewAttr="VendorId"/>
                                          <oa:primaryKey id="primaryKey2" viewAttr="DocumentCode"/>
                                       </oa:primaryKeys>
                                    </oa:entityMap>
                                 </oa:entityMappings>
                              </oa:attachmentImage>
                           </ui:case>
                           <ui:case name="AttachDisabled">
                              <oa:attachmentImage id="AttachDisabled" viewName="XXSAE_POS_SupplierDocsVO" prompt="Anexos" autoCommitEnabled="true">
                                 <oa:entityMappings>
                                    <oa:entityMap id="SAE_POS_SUPPLIER_DOCS1" entityId="SAE_POS_SUPPLIER_DOCS" insertAllowed="true" updateAllowed="false" deleteAllowed="false">
                                       <oa:primaryKeys>
                                          <oa:primaryKey id="primaryKey11" viewAttr="VendorId"/>
                                          <oa:primaryKey id="primaryKey21" viewAttr="DocumentCode"/>
                                       </oa:primaryKeys>
                                    </oa:entityMap>
                                 </oa:entityMappings>
                              </oa:attachmentImage>
                           </ui:case>
                        </oa:switcher>
                     </ui:contents>
                  </oa:table>
                  <oa:tip id="LineAttachTip" styleClass="OraInstructionText" tipMessageAppShortName="ICX" tipMessageName="ICX_POR_ATTACH_TIP"/>
               </ui:contents>
            </oa:header>
         </ui:contents>
      </oa:pageLayout>
   </content>
</page>
