<?xml version = '1.0' encoding = 'UTF-8'?>
<oa:listOfValues version="10.1.3_1086" xml:lang="en-US" xmlns:oa="http://xmlns.oracle.com/oa" xmlns:jrad="http://xmlns.oracle.com/jrad" xmlns:ui="http://xmlns.oracle.com/uix/ui" xmlns:user="http://xmlns.oracle.com/jrad/user" xmlns="http://xmlns.oracle.com/jrad" file-version="$Header: XXSAE_POS_FornecedoresLovRN.xml 120.1 13/09/2019 12:00:00 appldev ship $" scope="/" amDefName="xxsae.oracle.apps.pos.supplier.homolog.lov.server.XXSAE_POS_SupplierLovAM">
   <ui:contents>
      <oa:table name="XXSAE_POS_FornecedoresLovRN" id="XXSAE_POS_FornecedoresLovTable">
         <ui:contents>
            <oa:formValue id="VendorId" dataType="NUMBER" prompt="VendorId" viewName="XXSAE_POS_FornecedoresLovVO" viewAttr="VendorId"/>
            <oa:messageStyledText id="VendorName" dataType="VARCHAR2" prompt="Fornecedor" viewName="XXSAE_POS_FornecedoresLovVO" viewAttr="VendorName" maximumLength="240" queryable="true" sortState="yes"/>
         </ui:contents>
      </oa:table>
   </ui:contents>
</oa:listOfValues>
