<?xml version="1.0" encoding="ISO-8859-1"?>
<dataTemplate name="XXSTN_AP_REL_LOGO_CONF">
	<parameters>
		<parameter name="p_processo"        dataType="VARCHAR2"/>
		<parameter name="p_data_inicial"    dataType="VARCHAR2"/>
		<parameter name="p_data_final"      dataType="VARCHAR2"/>
		<parameter name="p_org_id"          dataType="VARCHAR2"/>
	</parameters>
	<dataQuery>
		<sqlStatement name="Q_ERROS">
			<![CDATA[
			SELECT EMPRESA,
					PAGADOR,
					FORNECEDOR,
					CNPJ,
					NOME_CONTA_BANCARIA_PAGTO,
					NR_DOCUMENTO_PGTO,
					DATA_PAGTO,
					NR_NF,
					DATA_NF,
					QUANTIA,
					RETENCOES,
					VL_PAGO,
					EMAIL_ADDRESS,
					NR_BANCO,
					NOME_BANCO,
					NR_AGENCIA,
					NR_CONTA,
					BARCODE,
					MENSAGEM,
					PROCESSO,
					ORG_ID FROM (SELECT
					EMPRESA,
					PAGADOR,
					FORNECEDOR,
					CNPJ,
					NOME_CONTA_BANCARIA_PAGTO,
					NR_DOCUMENTO_PGTO,
					SUBSTR(DATA_PAGTO, 1,3 )|| DECODE 
                    (  SUBSTR(DATA_PAGTO, 4,3 ) ,
                    'FEV','FEB',
                    'ABR','APR',
                    'MAI','MAY',
                    'AGO','AUG',
                    'SET','SEP',
                    'OUT','OCT',
                    'DEZ','DEC', SUBSTR(DATA_PAGTO, 4,3 ))||SUBSTR(DATA_PAGTO, 7 ) as DATA_PAGTO,
					NR_NF,
					DATA_NF,
					QUANTIA,
					RETENCOES,
					VL_PAGO,
					EMAIL_ADDRESS,
					NR_BANCO,
					NOME_BANCO,
					NR_AGENCIA,
					NR_CONTA,
					BARCODE,
					MENSAGEM,
					PROCESSO,
					ORG_ID
				FROM
					xxstn.XXSTN_AP_REL_LOGO_CONF )
				WHERE
					PROCESSO = NVL(:p_processo , PROCESSO)
					AND  to_date(DATA_PAGTO,'dd-mon-yy') >= nvl ( TO_DATE ( :p_data_inicial , 'yyyy/mm/dd hh24:mi:ss') ,to_date(DATA_PAGTO,'dd-mon-yy'))
					AND  to_date(DATA_PAGTO,'dd-mon-yy') <= nvl ( TO_DATE ( :p_data_final , 'yyyy/mm/dd hh24:mi:ss'), to_date(DATA_PAGTO,'dd-mon-yy'))
					AND  ORG_ID = nvl (:p_org_id, org_id)
      ]]>
		</sqlStatement>
	</dataQuery>
	<!-- Datastructure -->
	<dataStructure>
		<group name="G_ERROS" source="Q_ERROS">
			<element name="EMPRESA"                   			value="EMPRESA"/>
			<element name="PAGADOR"                   			value="PAGADOR"/>
			<element name="FORNECEDOR"     						value="FORNECEDOR"/>
			<element name="CNPJ"                				value="CNPJ"/>
			<element name="NOME_CONTA_BANCARIA_PAGTO"           value="NOME_CONTA_BANCARIA_PAGTO"/>
			<element name="NR_DOCUMENTO_PGTO"           		value="NR_DOCUMENTO_PGTO"/>
			<element name="DATA_PAGTO"                 			value="DATA_PAGTO"/>
			<element name="NR_NF"     							value="NR_NF"/>
			<element name="DATA_NF"            				    value="DATA_NF"/>
			<element name="QUANTIA"            			        value="QUANTIA"/>
			<element name="RETENCOES"                   		value="RETENCOES"/>
			<element name="VL_PAGO"     						value="VL_PAGO"/>
			<element name="EMAIL_ADDRESS"               		value="EMAIL_ADDRESS"/>
			<element name="NR_BANCO"                  			value="NR_BANCO"/>
			<element name="NOME_BANCO"                   		value="NOME_BANCO"/>
			<element name="NR_AGENCIA"     						value="NR_AGENCIA"/>
			<element name="NR_CONTA"                			value="NR_CONTA"/>
			<element name="BARCODE"                   			value="BARCODE"/>
			<element name="MENSAGEM"     						value="MENSAGEM"/>
			<element name="PROCESSO"                			value="PROCESSO"/>
		</group>
	</dataStructure>
</dataTemplate>