<?xml version = '1.0' encoding = 'UTF-8'?>
<page xmlns:jrad="http://xmlns.oracle.com/jrad" xmlns:oa="http://xmlns.oracle.com/oa" xmlns:ui="http://xmlns.oracle.com/uix/ui" version="10.1.3_1086" xml:lang="en-US" xmlns:user="http://xmlns.oracle.com/jrad/user" xmlns="http://xmlns.oracle.com/jrad" file-version="$Header: SaeGraStagePG.xml 120.3 21/10/2019 12:00:00 appldev ship $">
   <content>
      <oa:pageLayout id="pageLayout" windowTitle="Guia de Recolhimento de Almoxarifado" title="Etapa de Atendimento" amDefName="xxsae.oracle.apps.xbol.gra.server.SaeGraAM" controllerClass="xxsae.oracle.apps.xbol.gra.webui.SaeGraStageCO">
         <ui:corporateBranding>
            <oa:image id="corporateBrandingImage" source="/OA_MEDIA/FNDSSCORP.gif"/>
         </ui:corporateBranding>
         <ui:contents>
            <oa:pageButtonBar id="PageButtons">
               <ui:contents>
                  <oa:submitButton id="Salvar" text="Salvar" prompt="Salvar"/>
                  <oa:submitButton id="Voltar" text="Sair" prompt="Sair" unvalidated="true" shortDesc="Fecha a tela sem salvar as alterações" serverUnvalidated="true"/>
               </ui:contents>
            </oa:pageButtonBar>
            <oa:header id="MainRN" text="Dados do Emitente">
               <ui:contents>
                  <oa:messageComponentLayout id="MainGRA" width="100%" rows="5" columns="2" promptWidth="30%" fieldWidth="70%">
                     <ui:contents>
                        <oa:messageTextInput id="HeaderId" dataType="NUMBER" prompt="Número GRA" viewName="SaeGraHeadersVO" viewAttr="HeaderId" styleClass="OraDataText" readOnly="true"/>
                        <oa:messageLovInput id="Solicitante" dataType="VARCHAR2" prompt="Solicitante" viewName="SaeGraHeadersVO" viewAttr="Solicitante" maximumLength="150" externalListOfValues="/xxsae/oracle/apps/xbol/gra/lov/webui/SaeGraSolicitanteLovRN" required="no" columns="60" queryable="true" readOnly="true">
                           <lovMappings>
                              <lovMap id="SolicitanteLovMap" lovItem="LastName" resultTo="Solicitante" criteriaFrom="Solicitante"/>
                              <lovMap id="MatriculaLovMap" lovItem="EmployeeNumber" resultTo="Matricula"/>
                              <lovMap id="PersonIdLovMap" lovItem="PersonId" resultTo="UserRequester"/>
                           </lovMappings>
                        </oa:messageLovInput>
                        <oa:messageTextInput id="Matricula" dataType="VARCHAR2" prompt="Matricula" viewName="SaeGraHeadersVO" viewAttr="Matricula" maximumLength="30" readOnly="true"/>
                        <oa:messageChoice id="Area" dataType="VARCHAR2" prompt="Area" viewName="SaeGraHeadersVO" viewAttr="Area" required="no" pickListViewDef="xxsae.oracle.apps.xbol.gra.poplist.server.SaeGraAreasVO" pickListDispAttr="Meaning" pickListValAttr="LookupCode" readOnly="true"/>
                        <oa:messageChoice id="Priority" dataType="VARCHAR2" prompt="Prioridade" viewName="SaeGraHeadersVO" viewAttr="Priority" required="no" pickListViewDef="xxsae.oracle.apps.xbol.gra.poplist.server.SaeGraPrioridadesVO" pickListDispAttr="Meaning" pickListValAttr="LookupCode" readOnly="true"/>
                        <oa:messageStyledText id="GraStatus" dataType="VARCHAR2" prompt="Status Atual" viewName="SaeGraHeadersVO" viewAttr="GraStatus" maximumLength="4000" sortState="no" styleClass="OraDataText"/>
                        <oa:messageChoice id="TypeCode" dataType="VARCHAR2" prompt="Tipo de GRA" viewName="SaeGraHeadersVO" viewAttr="TypeCode" required="no" pickListDispAttr="Meaning" pickListValAttr="LookupCode" pickListViewDef="xxsae.oracle.apps.xbol.gra.poplist.server.SaeGraTiposVO" readOnly="true"/>
                        <oa:messageChoice id="FreightMode" dataType="VARCHAR2" prompt="Modalidade de Frete" viewName="SaeGraHeadersVO" viewAttr="FreightMode" required="no" pickListViewDef="xxsae.oracle.apps.xbol.gra.poplist.server.SaeGraModalFreteVO" pickListDispAttr="Meaning" pickListValAttr="LookupCode" readOnly="true"/>
                        <oa:messageChoice id="FreightPayer" dataType="VARCHAR2" prompt="Pagador de Frete" viewName="SaeGraHeadersVO" viewAttr="FreightPayer" required="no" pickListViewDef="xxsae.oracle.apps.xbol.gra.poplist.server.SaeGraPagadorFreteVO" pickListDispAttr="Meaning" pickListValAttr="LookupCode" readOnly="true"/>
                     </ui:contents>
                  </oa:messageComponentLayout>
                  <oa:attachmentLink id="attachmentHeader" prompt="Anexos" viewName="SaeGraHeadersVO" enableDocumentCatalog="false" text="Capa da Guia de Recolhimento de Almoxarifado">
                     <oa:entityMappings>
                        <oa:entityMap id="HeaderEntityMap" entityId="SAE_GRA_HEADERS" insertAllowed="false" updateAllowed="false" deleteAllowed="false">
                           <oa:primaryKeys>
                              <oa:primaryKey id="HeaderIdPrimaryKey" viewAttr="HeaderId"/>
                           </oa:primaryKeys>
                        </oa:entityMap>
                     </oa:entityMappings>
                  </oa:attachmentLink>
               </ui:contents>
            </oa:header>
            <oa:header id="VendorRN" text="Dados do Destinatário">
               <ui:contents>
                  <oa:messageComponentLayout id="VendorGRA" width="100%" rows="3" columns="2" promptWidth="30%" fieldWidth="70%">
                     <ui:contents>
                        <oa:messageLovInput id="Cnpj" dataType="VARCHAR2" prompt="CNPJ" viewName="SaeGraHeadersVO" viewAttr="Cnpj" maximumLength="22" required="no" externalListOfValues="/xxsae/oracle/apps/xbol/gra/lov/webui/SaeGraDestinoLovRN" queryable="true" columns="22" readOnly="true">
                           <lovMappings>
                              <lovMap id="CnpjLovMap" lovItem="Cnpj" resultTo="Cnpj" criteriaFrom="Cnpj"/>
                              <lovMap id="RazaoSocialLovMap" lovItem="RazaoSocial" resultTo="RazaoSocial"/>
                              <lovMap id="EnderecoLovMap" lovItem="Endereco" resultTo="Endereco"/>
                              <lovMap id="ZipLovMap" lovItem="Zip" resultTo="Zip"/>
                              <lovMap id="SiteIdLovMap" lovItem="VendorSiteId" resultTo="VendorSiteId"/>
                           </lovMappings>
                        </oa:messageLovInput>
                        <oa:messageTextInput id="RazaoSocial" dataType="VARCHAR2" prompt="Razão Social" viewName="SaeGraHeadersVO" viewAttr="RazaoSocial" maximumLength="240" columns="90" readOnly="true"/>
                        <oa:messageTextInput id="Endereco" dataType="VARCHAR2" prompt="Endereço" viewName="SaeGraHeadersVO" viewAttr="Endereco" maximumLength="1091" columns="90" readOnly="true"/>
                        <oa:messageTextInput id="Zip" dataType="VARCHAR2" prompt="CEP" viewName="SaeGraHeadersVO" viewAttr="Zip" maximumLength="20" readOnly="true"/>
                        <oa:messageLovInput id="Contato" dataType="VARCHAR2" prompt="Contato" viewName="SaeGraHeadersVO" viewAttr="Contato" maximumLength="31" required="no" queryable="true" externalListOfValues="/xxsae/oracle/apps/xbol/gra/lov/webui/SaeGraContatoLovRN" columns="31" readOnly="true">
                           <lovMappings>
                              <lovMap id="ContatoLovMap" lovItem="Contato" resultTo="Contato" criteriaFrom="Contato"/>
                              <lovMap id="EmailLovMap" lovItem="Email" resultTo="Email"/>
                              <lovMap id="TelefoneLovMap" lovItem="Telefone" resultTo="Telefone"/>
                              <lovMap id="VendorContactIdLovMap" lovItem="VendorContactId" resultTo="VendorContactId"/>
                              <lovMap id="VendorSiteIdLovMap" lovItem="VendorSiteId" criteriaFrom="VendorSiteId"/>
                           </lovMappings>
                        </oa:messageLovInput>
                        <oa:messageTextInput id="Telefone" dataType="VARCHAR2" prompt="Telefone" viewName="SaeGraHeadersVO" viewAttr="Telefone" maximumLength="53" readOnly="true"/>
                        <oa:messageTextInput id="Email" dataType="VARCHAR2" prompt="Email" viewName="SaeGraHeadersVO" viewAttr="Email" maximumLength="2000" columns="80" readOnly="true"/>
                     </ui:contents>
                  </oa:messageComponentLayout>
               </ui:contents>
            </oa:header>
            <oa:header id="LinesRN" text="Itens da GRA">
               <ui:contents>
                  <oa:table id="SaeGraLinesTable" width="100%">
                     <ui:contents>
                        <oa:messageLovInput id="InstanceNumber" dataType="VARCHAR2" prompt="Ativo" viewName="SaeGraLinesVO" viewAttr="InstanceNumber" maximumLength="30" readOnly="true" externalListOfValues="/xxsae/oracle/apps/xbol/gra/lov/webui/SaeGraAtivoLovRN">
                           <lovMappings>
                              <lovMap id="InstanceNumberLovMap" lovItem="InstanceNumber" resultTo="InstanceNumber" criteriaFrom="InstanceNumber"/>
                           </lovMappings>
                        </oa:messageLovInput>
                        <oa:messageLovInput id="Item" dataType="VARCHAR2" prompt="Item" viewName="SaeGraLinesVO" viewAttr="Item" required="no" queryable="true" externalListOfValues="/xxsae/oracle/apps/xbol/gra/lov/webui/SaeGraItemLovRN" readOnly="true">
                           <lovMappings>
                              <lovMap id="ItemLovMap" lovItem="Item" resultTo="Item" criteriaFrom="Item"/>
                              <lovMap id="ItemDescLovMap" lovItem="Description" resultTo="Description"/>
                              <lovMap id="UDMLovMap" lovItem="PrimaryUomCode" resultTo="PrimaryUomCode"/>
                              <lovMap id="ItemIdLovMap" lovItem="InventoryItemId" resultTo="ItemId"/>
                           </lovMappings>
                        </oa:messageLovInput>
                        <oa:messageTextInput id="Description" dataType="VARCHAR2" prompt="Descrição" viewName="SaeGraLinesVO" viewAttr="Description" maximumLength="240" columns="50" readOnly="true"/>
                        <oa:messageTextInput id="PrimaryUomCode" dataType="VARCHAR2" prompt="UDM" viewName="SaeGraLinesVO" viewAttr="PrimaryUomCode" maximumLength="3" columns="3" readOnly="true"/>
                        <oa:messageTextInput id="Quantity" dataType="NUMBER" prompt="Quantidade" viewName="SaeGraLinesVO" viewAttr="Quantity" required="no" readOnly="true"/>
                        <oa:messageChoice id="ReferenceType" dataType="VARCHAR2" prompt="Referencia" viewName="SaeGraLinesVO" viewAttr="ReferenceType" pickListViewDef="xxsae.oracle.apps.xbol.gra.poplist.server.SaeGraReferenciaVO" pickListDispAttr="Meaning" pickListValAttr="LookupCode" readOnly="true"/>
                        <oa:messageTextInput id="ReferenceNumber" dataType="VARCHAR2" prompt="Número" viewName="SaeGraLinesVO" viewAttr="ReferenceNumber" maximumLength="30" readOnly="true"/>
                        <oa:messageTextInput id="LineNote" dataType="VARCHAR2" prompt="Observação" viewName="SaeGraLinesVO" viewAttr="LineNote" columns="50" readOnly="true"/>
                        <oa:formValue id="LineId" dataType="NUMBER" prompt="LineId" viewName="SaeGraLinesVO" viewAttr="LineId"/>
                        <oa:formValue id="ItemId" dataType="NUMBER" prompt="ItemId" viewName="SaeGraLinesVO" viewAttr="ItemId"/>
                        <oa:formValue id="CreationDateLn" dataType="DATE" prompt="CreationDate" viewName="SaeGraLinesVO" viewAttr="CreationDate"/>
                        <oa:formValue id="HeaderIdLn" dataType="NUMBER" prompt="HeaderId" viewName="SaeGraLinesVO" viewAttr="HeaderId"/>
                        <oa:formValue id="CreatedByLn" dataType="NUMBER" prompt="CreatedBy" viewName="SaeGraLinesVO" viewAttr="CreatedBy"/>
                        <oa:formValue id="LastUpdateDateLn" dataType="DATE" prompt="LastUpdateDate" viewName="SaeGraLinesVO" viewAttr="LastUpdateDate"/>
                        <oa:formValue id="LastUpdatedByLn" dataType="NUMBER" prompt="LastUpdatedBy" viewName="SaeGraLinesVO" viewAttr="LastUpdatedBy"/>
                        <oa:formValue id="LastUpdateLoginLn" dataType="NUMBER" prompt="LastUpdateLogin" viewName="SaeGraLinesVO" viewAttr="LastUpdateLogin"/>
                     </ui:contents>
                  </oa:table>
               </ui:contents>
            </oa:header>
            <oa:header id="StagesSumRN" text="Historico de Etapas de Atendimento da GRA">
               <ui:contents>
                  <oa:table id="StagesSumTable" width="100%">
                     <ui:contents>
                        <oa:messageTextInput id="StageDate" dataType="DATE" prompt="Data" viewName="SaeGraStageSumVO" viewAttr="StageDate" readOnly="true" sortState="yes" required="yes"/>
                        <oa:messageChoice id="StageAction" dataType="VARCHAR2" prompt="Etapa" viewName="SaeGraStageSumVO" viewAttr="StageAction" readOnly="true" pickListDispAttr="Meaning" pickListValAttr="LookupCode" pickListViewDef="xxsae.oracle.apps.xbol.gra.poplist.server.SaeGraStatusVO" sortState="yes" required="yes"/>
                        <oa:messageTextInput id="Reference" dataType="VARCHAR2" prompt="Referência" viewName="SaeGraStageSumVO" viewAttr="Reference" maximumLength="30" readOnly="true" sortState="yes"/>
                        <oa:messageTextInput id="ForecastDate" dataType="DATE" prompt="Previsão de Saída" viewName="SaeGraStageSumVO" viewAttr="ForecastDate" readOnly="true" sortState="yes"/>
                        <oa:messageChoice id="Period" dataType="VARCHAR2" prompt="Periodo" viewName="SaeGraStageSumVO" viewAttr="Period" readOnly="true" pickListViewDef="xxsae.oracle.apps.xbol.gra.poplist.server.SaeGraPeriodoVO" pickListDispAttr="Meaning" pickListValAttr="LookupCode" sortState="yes"/>
                        <oa:messageTextInput id="StageNote" dataType="VARCHAR2" prompt="Observações" viewName="SaeGraStageSumVO" viewAttr="StageNote" readOnly="true"/>
                        <oa:messageTextInput id="CreationUser" dataType="VARCHAR2" prompt="Usuario" viewName="SaeGraStageSumVO" viewAttr="CreationUser" readOnly="true" maximumLength="240" columns="60"/>
                        <oa:attachmentImage id="StageAttachments" enableDocumentCatalog="false" prompt="Anexos" viewName="SaeGraStageSumVO">
                           <oa:entityMappings>
                              <oa:entityMap id="StageSumEntityMap" entityId="SAE_GRA_STAGES" insertAllowed="false" updateAllowed="false" deleteAllowed="false">
                                 <oa:primaryKeys>
                                    <oa:primaryKey id="StageSumPrimaryKey" viewAttr="StageId"/>
                                 </oa:primaryKeys>
                              </oa:entityMap>
                           </oa:entityMappings>
                        </oa:attachmentImage>
                        <oa:formValue id="StageId" dataType="NUMBER" prompt="StageId" viewName="SaeGraStageSumVO" viewAttr="StageId"/>
                        <oa:formValue id="HeaderIdSt" dataType="NUMBER" prompt="HeaderId" viewName="SaeGraStageSumVO" viewAttr="HeaderId"/>
                        <oa:formValue id="CreationDateSt" dataType="DATE" prompt="CreationDate" viewName="SaeGraStageSumVO" viewAttr="CreationDate"/>
                        <oa:formValue id="CreatedBySt" dataType="NUMBER" prompt="CreatedBy" viewName="SaeGraStageSumVO" viewAttr="CreatedBy"/>
                        <oa:formValue id="LastUpdateDateSt" dataType="DATE" prompt="LastUpdateDate" viewName="SaeGraStageSumVO" viewAttr="LastUpdateDate"/>
                        <oa:formValue id="LastUpdatedBySt" dataType="NUMBER" prompt="LastUpdatedBy" viewName="SaeGraStageSumVO" viewAttr="LastUpdatedBy"/>
                        <oa:formValue id="LastUpdateLoginSt" dataType="NUMBER" prompt="LastUpdateLogin" viewName="SaeGraStageSumVO" viewAttr="LastUpdateLogin"/>
                     </ui:contents>
                  </oa:table>
               </ui:contents>
            </oa:header>
            <oa:header id="StageRN" text="Registro de Etapa de Atendimento">
               <ui:contents>
                  <oa:messageComponentLayout id="StagesMainRN" width="100%" rows="3" columns="2" promptWidth="30%" fieldWidth="70%">
                     <ui:contents>
                        <oa:messageChoice id="St_StageAction" dataType="VARCHAR2" prompt="Ação" viewName="SaeGraStagesVO" viewAttr="StageAction" required="yes" pickListViewDef="xxsae.oracle.apps.xbol.gra.poplist.server.SaeGraStageStatusVO" pickListDispAttr="Meaning" pickListValAttr="LookupCode">
                           <ui:primaryClientAction>
                              <ui:fireAction event="eventAction">
                                 <ui:parameters>
                                    <ui:parameter key="pStageAction" value="${oa.SaeGraStagesVO.StageAction}"/>
                                 </ui:parameters>
                              </ui:fireAction>
                           </ui:primaryClientAction>
                        </oa:messageChoice>
                        <oa:messageTextInput id="St_ForecastDate" dataType="DATE" prompt="Previsão de Saida" viewName="SaeGraStagesVO" viewAttr="ForecastDate"/>
                        <oa:messageTextInput id="St_StageNote" dataType="VARCHAR2" prompt="Observações" viewName="SaeGraStagesVO" viewAttr="StageNote" rows="3" columns="100"/>
                        <oa:messageTextInput id="St_Reference" dataType="VARCHAR2" prompt="Referência" viewName="SaeGraStagesVO" viewAttr="Reference" maximumLength="30" columns="30"/>
                        <oa:messageChoice id="St_Period" dataType="VARCHAR2" prompt="Período" viewName="SaeGraStagesVO" viewAttr="Period" pickListViewDef="xxsae.oracle.apps.xbol.gra.poplist.server.SaeGraPeriodoVO" pickListDispAttr="Meaning" pickListValAttr="LookupCode"/>
                     </ui:contents>
                  </oa:messageComponentLayout>
                  <oa:formValue id="St_StageId" dataType="NUMBER" prompt="StageId" viewName="SaeGraStagesVO" viewAttr="StageId"/>
                  <oa:formValue id="St_HeaderId" dataType="NUMBER" prompt="HeaderId" viewName="SaeGraStagesVO" viewAttr="HeaderId"/>
                  <oa:formValue id="St_StageDate" dataType="DATE" prompt="StageDate" viewName="SaeGraStagesVO" viewAttr="StageDate"/>
                  <oa:formValue id="St_CreationDate" dataType="DATE" prompt="CreationDate" viewName="SaeGraStagesVO" viewAttr="CreationDate"/>
                  <oa:formValue id="St_CreatedBy" dataType="NUMBER" prompt="CreatedBy" viewName="SaeGraStagesVO" viewAttr="CreatedBy"/>
                  <oa:formValue id="St_LastUpdateDate" dataType="DATE" prompt="LastUpdateDate" viewName="SaeGraStagesVO" viewAttr="LastUpdateDate"/>
                  <oa:formValue id="St_CreationUser" dataType="VARCHAR2" prompt="CreationUser" viewName="SaeGraStagesVO" viewAttr="CreationUser"/>
                  <oa:formValue id="St_LastUpdatedBy" dataType="NUMBER" prompt="LastUpdatedBy" viewName="SaeGraStagesVO" viewAttr="LastUpdatedBy"/>
                  <oa:formValue id="St_LastUpdateLogin" dataType="NUMBER" prompt="LastUpdateLogin" viewName="SaeGraStagesVO" viewAttr="LastUpdateLogin"/>
               </ui:contents>
            </oa:header>
            <oa:attachmentTable id="StageAttachItem" viewName="SaeGraStagesVO" text="Anexos da Etapa de Atendimento da GRA" enableDocumentCatalog="false" autoCommitEnabled="true">
               <oa:entityMappings>
                  <oa:entityMap id="StagesEntityMap" entityId="SAE_GRA_STAGES" insertAllowed="true" updateAllowed="true" deleteAllowed="true">
                     <oa:primaryKeys>
                        <oa:primaryKey id="STAGE_ID" viewAttr="StageId"/>
                     </oa:primaryKeys>
                  </oa:entityMap>
               </oa:entityMappings>
            </oa:attachmentTable>
            <oa:formValue id="VendorSiteId" dataType="NUMBER" prompt="VendorSiteId" viewName="SaeGraHeadersVO" viewAttr="VendorSiteId"/>
            <oa:formValue id="VendorContactId" dataType="NUMBER" prompt="VendorContactId" viewName="SaeGraHeadersVO" viewAttr="VendorContactId"/>
            <oa:formValue id="UserRequester" dataType="NUMBER" prompt="UserRequester" viewName="SaeGraHeadersVO" viewAttr="UserRequester"/>
            <oa:formValue id="CreatedBy" dataType="NUMBER" prompt="CreatedBy" viewName="SaeGraHeadersVO" viewAttr="CreatedBy"/>
            <oa:formValue id="CreationDate" dataType="DATE" prompt="CreationDate" viewName="SaeGraHeadersVO" viewAttr="CreationDate"/>
            <oa:formValue id="LastUpdatedBy" dataType="NUMBER" prompt="LastUpdatedBy" viewName="SaeGraHeadersVO" viewAttr="LastUpdatedBy"/>
            <oa:formValue id="LastUpdateDate" dataType="DATE" prompt="LastUpdateDate" viewName="SaeGraHeadersVO" viewAttr="LastUpdateDate"/>
            <oa:formValue id="LastUpdateLogin" dataType="NUMBER" prompt="LastUpdateLogin" viewName="SaeGraHeadersVO" viewAttr="LastUpdateLogin"/>
         </ui:contents>
      </oa:pageLayout>
   </content>
</page>
