<?xml version = '1.0' encoding = 'UTF-8'?>
<oa:defaultSingleColumn akRegionCode="EAM_RET_MAT_TO_INV_DETAIL_HEAD" regionName="EAM Return Material To Inventory Results Header" standalone="true" xmlns="http://xmlns.oracle.com/jrad" xmlns:ui="http://xmlns.oracle.com/uix/ui" xmlns:oa="http://xmlns.oracle.com/oa" xmlns:user="http://xmlns.oracle.com/jrad/user" file-version="$Header: EAM_RET_MAT_TO_INV_DETAIL_HEAD.xml 121.6 20/10/2020/ 12:00:00 vpasupur ship $" version="10.1.3_1086" xml:lang="en-US" headerDisabled="true" xmlns:jrad="http://xmlns.oracle.com/jrad">
   <ui:contents>
      <oa:table akRegionCode="EAM_RET_MATERIAL_TO_INV_DETAIL" regionName="EAM Return Material To Inventory Details" blockSize="10" controllerClass="oracle.apps.eam.stores.rettoinv.webui.ReturnMaterialToInventoryCO" standalone="true" height="1" id="EamRetMaterialToInvDetail" user:akAttributeCode="EAM_RET_MATERIAL_TO_INV_DETAIL" user:akAttributeApplicationId="426" shortDesc="Return Material to Inventory">
         <ui:contents>
            <oa:messageStyledText columns="11" prompt="Work Order" rows="1" viewName="ReturnMaterialToInventoryVO" viewAttr="Wipentityname" destination="OA.jsp?page=/oracle/apps/eam/toolbelt/webui/WorkOrderDetailsPG&amp;retainAM=Y&amp;addBreadCrumb=Y&amp;OA_SubTabIdx=0&amp;WipEntityId={@WipEntityId}&amp;Context=Workorder" maximumLength="240" id="EamWorkOrder" promptTranslationExpansion="100%" user:akAttributeCode="EAM_WORK_ORDER" user:akAttributeApplicationId="426" shortDesc="Work Order"/>
            <oa:formValue dataType="NUMBER" viewName="ReturnMaterialToInventoryVO" viewAttr="WipEntityId" id="EamWorkOrderId" promptTranslationExpansion="100%" user:akAttributeCode="EAM_WORK_ORDER_ID" user:akAttributeApplicationId="426"/>
            <oa:formValue dataType="NUMBER" viewName="ReturnMaterialToInventoryVO" viewAttr="Workordertype" id="EamWorkOrderType" promptTranslationExpansion="100%" user:akAttributeCode="EAM_WORK_ORDER_TYPE" user:akAttributeApplicationId="426"/>
            <oa:messageStyledText columns="2" prompt="Op" dataType="NUMBER" rows="1" viewName="ReturnMaterialToInventoryVO" viewAttr="OperationSeqNum" maximumLength="22" id="EamOperationSeq" promptTranslationExpansion="100%" user:akAttributeCode="EAM_OPERATION_SEQ" user:akAttributeApplicationId="426" shortDesc="Operation"/>
            <oa:messageStyledText columns="10" prompt="Material" rows="1" viewName="ReturnMaterialToInventoryVO" viewAttr="Material" maximumLength="240" id="EamInventotyItemName____1" promptTranslationExpansion="100%" user:akAttributeCode="EAM_INVENTOTY_ITEM_NAME" user:akAttributeApplicationId="426" shortDesc="Material"/>
            <oa:messageStyledText id="MaterialDescription" viewName="ReturnMaterialToInventoryVO" viewAttr="Description" prompt="Description" shortDesc="Description"/>
            <oa:image id="SAE_FERRAMENTARIA" prompt="Ferramentas" source="getparts_enabled.gif" serverUnvalidated="true">
               <ui:primaryClientAction>
                  <ui:fireAction event="FerrAction">
                     <ui:parameters>
                        <ui:parameter key="pOrganizationId" value="${oa.ReturnMaterialToInventoryVO.Organizationid}"/>
                        <ui:parameter key="pInventoryItemId" value="${oa.ReturnMaterialToInventoryVO.Inventoryitemid}"/>
                        <ui:parameter key="pWipEntityId" value="${oa.ReturnMaterialToInventoryVO.WipEntityId}"/>
                        <ui:parameter key="pOperationSeqNum" value="${oa.ReturnMaterialToInventoryVO.OperationSeqNum}"/>
                        <ui:parameter key="pItem" value="${oa.ReturnMaterialToInventoryVO.Material}"/>
                     </ui:parameters>
                  </ui:fireAction>
               </ui:primaryClientAction>
            </oa:image>
            <oa:formValue viewName="ReturnMaterialToInventoryVO" viewAttr="Inventoryitemid" id="EamInventoryItemId____1" promptTranslationExpansion="100%" user:akAttributeCode="EAM_INVENTORY_ITEM_ID" user:akAttributeApplicationId="426"/>
            <oa:formValue dataType="NUMBER" viewName="ReturnMaterialToInventoryVO" viewAttr="Alloweduom" id="EamInvAllowedUomType" promptTranslationExpansion="100%" user:akAttributeCode="EAM_INV_ALLOWED_UOM_TYPE" user:akAttributeApplicationId="426"/>
            <oa:messageLovInput rendered="false" readOnly="false" columns="3" prompt="Revision" rows="1" secret="false" viewName="ReturnMaterialToInventoryVO" viewAttr="Revision" maximumLength="3" id="EamItemRevision" promptTranslationExpansion="100%" user:akAttributeCode="EAM_ITEM_REVISION" user:akAttributeApplicationId="426" shortDesc="Revision">
               <lovContents>
                  <oa:listOfValues id="EAM_REVISION_LOV" amDefName="oracle.apps.eam.stores.lov.server.EAMStoresLOVAM" controllerClass="oracle.apps.eam.stores.lov.webui.EAMRevisionLOVCO" title="EAM Item Revision LOV">
                     <ui:contents>
                        <oa:table name="EAM_REVISION_LOV" id="EAM_REVISION_LOV_lovTable" akRegionCode="EAM_REVISION_LOV" regionName="EAM Item Revision LOV" blockSize="13" standalone="true" shortDesc="Revision LOV Table">
                           <ui:contents>
                              <oa:messageStyledText queryable="true" columns="3" prompt="Revision" rows="1" viewName="EAMRevisionLOVVO" viewAttr="Revision" maximumLength="3" id="EamItemRevision____1" promptTranslationExpansion="100%" user:akAttributeCode="EAM_ITEM_REVISION" user:akAttributeApplicationId="426" shortDesc="Revision"/>
                              <oa:formValue prompt="Inventory Item ID" viewName="EAMRevisionLOVVO" viewAttr="Inventoryitemid" id="EamInventoryItemId____2" promptTranslationExpansion="100%" user:akAttributeCode="EAM_INVENTORY_ITEM_ID" user:akAttributeApplicationId="426"/>
                              <oa:formValue viewName="EAMRevisionLOVVO" viewAttr="Inventoryitemname" id="EamInventotyItemName" promptTranslationExpansion="100%" user:akAttributeCode="EAM_INVENTOTY_ITEM_NAME" user:akAttributeApplicationId="426"/>
                              <oa:formValue viewName="EAMRevisionLOVVO" viewAttr="Revisionctrl" id="EamRevisionControlled____1" promptTranslationExpansion="100%" user:akAttributeCode="EAM_REVISION_CONTROLLED" user:akAttributeApplicationId="426"/>
                           </ui:contents>
                        </oa:table>
                     </ui:contents>
                  </oa:listOfValues>
               </lovContents>
               <lovMappings>
                  <lovMap resultTo="EamItemRevision" lovItem="EamItemRevision"/>
                  <lovMap criteriaFrom="EamRevisionControlled" programmaticQuery="true" lovItem="EamRevisionControlled"/>
                  <lovMap criteriaFrom="EamInventoryItemId" programmaticQuery="true" lovItem="EamInventoryItemId"/>
                  <lovMap criteriaFrom="EamInventotyItemName" programmaticQuery="true" lovItem="EamInventotyItemName"/>
               </lovMappings>
            </oa:messageLovInput>
            <oa:formValue viewName="ReturnMaterialToInventoryVO" viewAttr="Revisionctrl" id="EamRevisionControlled" promptTranslationExpansion="100%" user:akAttributeCode="EAM_REVISION_CONTROLLED" user:akAttributeApplicationId="426"/>
            <oa:messageStyledText columns="6" prompt="Serial" rows="1" viewName="ReturnMaterialToInventoryVO" viewAttr="Serialnumber" maximumLength="30" shortDesc="Transacted Serial Number" id="EamSerialNumber" promptTranslationExpansion="100%" user:akAttributeCode="EAM_SERIAL_NUMBER" user:akAttributeApplicationId="426"/>
            <oa:messageStyledText columns="6" prompt="Lot" rows="1" viewName="ReturnMaterialToInventoryVO" viewAttr="Lotnumber" maximumLength="80" id="EamLotNumber" promptTranslationExpansion="100%" user:akAttributeCode="EAM_LOT_NUMBER" user:akAttributeApplicationId="426" shortDesc="Lot"/>
            <oa:messageStyledText columns="3" prompt="Revision" rows="1" viewName="ReturnMaterialToInventoryVO" viewAttr="Revision" maximumLength="3" id="EamRevision" promptTranslationExpansion="100%" shortDesc="Revision"/>
            <oa:messageStyledText columns="10" prompt="Issued Qty" dataType="NUMBER" rows="1" viewName="ReturnMaterialToInventoryVO" viewAttr="QuantityIssued" maximumLength="10" id="EamIssuedQuantity" promptTranslationExpansion="100%" user:akAttributeCode="EAM_ISSUED_QUANTITY" user:akAttributeApplicationId="426" shortDesc="Issued Qty"/>
            <oa:messageTextInput readOnly="false" columns="3" prompt="Qty" dataType="VARCHAR2" rows="1" secret="false" viewName="ReturnMaterialToInventoryVO" viewAttr="Quantityreturn" maximumLength="22" id="EamQuantity" promptTranslationExpansion="100%" user:akAttributeCode="EAM_QUANTITY" user:akAttributeApplicationId="426" shortDesc="Qty"/>
            <oa:messageStyledText columns="3" prompt="UOM" rows="1" viewName="ReturnMaterialToInventoryVO" viewAttr="Uom" maximumLength="3" id="EamMaterialUom" promptTranslationExpansion="100%" user:akAttributeCode="EAM_MATERIAL_UOM" user:akAttributeApplicationId="426" shortDesc="UOM"/>
            <oa:formValue dataType="NUMBER" viewName="ReturnMaterialToInventoryVO" viewAttr="Restrictsubinv" id="EamRestrictSubinvCode____1" promptTranslationExpansion="100%" user:akAttributeCode="EAM_RESTRICT_SUBINV_CODE" user:akAttributeApplicationId="426"/>
            <oa:formValue dataType="NUMBER" viewName="ReturnMaterialToInventoryVO" viewAttr="Restrictlocator" id="EamRestrictLocatorCode" promptTranslationExpansion="100%" user:akAttributeCode="EAM_RESTRICT_LOCATOR_CODE" user:akAttributeApplicationId="426"/>
            <oa:messageLovInput readOnly="false" columns="6" prompt="Subinv" rows="1" secret="false" viewName="ReturnMaterialToInventoryVO" viewAttr="Subinventory" maximumLength="240" id="EamSubInvName" promptTranslationExpansion="100%" user:akAttributeCode="EAM_SUB_INV_NAME" user:akAttributeApplicationId="426" shortDesc="Subinventory">
               <lovContents>
                  <oa:listOfValues id="EAM_SUB_INVENTORY_LOV" amDefName="oracle.apps.eam.stores.lov.server.EAMStoresLOVAM" controllerClass="oracle.apps.eam.stores.lov.webui.EAMSubinventoryLOVCO" title="EAM Sub Inventory LOV">
                     <ui:contents>
                        <oa:table name="EAM_SUB_INVENTORY_LOV" id="EAM_SUB_INVENTORY_LOV_lovTable" akRegionCode="EAM_SUB_INVENTORY_LOV" regionName="EAM Sub Inventory LOV" blockSize="13" standalone="true" shortDesc="Subinventory LOV">
                           <ui:contents>
                              <oa:messageStyledText queryable="true" columns="10" prompt="Subinventory" rows="1" viewName="EAMSubinventoryLOVVO" viewAttr="Subinventoryname" maximumLength="240" id="EamSubInvName____1" promptTranslationExpansion="100%" user:akAttributeCode="EAM_SUB_INV_NAME" user:akAttributeApplicationId="426" shortDesc="Subinventory"/>
                              <oa:messageStyledText columns="25" prompt="Description" rows="1" viewName="EAMSubinventoryLOVVO" viewAttr="Description" maximumLength="240" id="EamDescription" promptTranslationExpansion="100%" user:akAttributeCode="EAM_DESCRIPTION" user:akAttributeApplicationId="426" shortDesc="Description"/>
                              <oa:formValue dataType="NUMBER" viewName="EAMSubinventoryLOVVO" viewAttr="LocatorType" id="EamInvLocatorType____1" promptTranslationExpansion="100%" user:akAttributeCode="EAM_INV_LOCATOR_TYPE" user:akAttributeApplicationId="426"/>
                              <oa:formValue viewName="EAMSubinventoryLOVVO" viewAttr="Inventoryitemid" id="EamInvItemId" promptTranslationExpansion="100%" user:akAttributeCode="EAM_INVENTORY_ITEM_ID" user:akAttributeApplicationId="426"/>
                              <oa:formValue viewName="EAMSubinventoryLOVVO" viewAttr="Inventoryitemname" id="EamInventoryItemName" promptTranslationExpansion="100%" user:akAttributeCode="EAM_INVENTOTY_ITEM_NAME" user:akAttributeApplicationId="426"/>
                              <oa:formValue dataType="NUMBER" viewName="EAMSubinventoryLOVVO" viewAttr="Restrictsubinvcode" id="EamRestrictSubInvCode" promptTranslationExpansion="100%" user:akAttributeCode="EAM_RESTRICT_SUBINV_CODE" user:akAttributeApplicationId="426"/>
                           </ui:contents>
                        </oa:table>
                     </ui:contents>
                  </oa:listOfValues>
               </lovContents>
               <lovMappings>
                  <lovMap programmaticQuery="true" lovItem="EamInvItemId" criteriaFrom="EamInventoryItemId____1"/>
                  <lovMap resultTo="EamInvLocatorType" lovItem="EamInvLocatorType____1"/>
                  <lovMap criteriaFrom="EamRestrictSubinvCode____1" programmaticQuery="true" lovItem="EamRestrictSubInvCode"/>
                  <lovMap resultTo="EamSubInvName" lovItem="EamSubInvName____1"/>
                  <lovMap id="lovMap" lovItem="EamSubInvName____1" criteriaFrom="EamSubInvName"/>
               </lovMappings>
            </oa:messageLovInput>
            <oa:formValue dataType="NUMBER" viewName="ReturnMaterialToInventoryVO" viewAttr="Locatortype" id="EamInvLocatorType" promptTranslationExpansion="100%" user:akAttributeCode="EAM_INV_LOCATOR_TYPE" user:akAttributeApplicationId="426"/>
            <oa:messageLovInput externalListOfValues="/oracle/apps/eam/lov/webui/EAM_LOCATOR_LOV" readOnly="false" columns="6" prompt="Locator" rows="1" secret="false" viewName="ReturnMaterialToInventoryVO" viewAttr="Locator" maximumLength="204" id="EamInvLocator" promptTranslationExpansion="100%" user:akAttributeCode="EAM_INV_LOCATOR" user:akAttributeApplicationId="426" shortDesc="Locator">
               <lovMappings>
                  <lovMap criteriaFrom="EamInventoryItemId" programmaticQuery="true" lovItem="EamInventoryItemId"/>
                  <lovMap resultTo="EamInvlocatorId" lovItem="EamInvlocatorId"/>
                  <lovMap resultTo="EamInvLocator" lovItem="EamInvLocator" criteriaFrom="EamInvLocator"/>
                  <lovMap criteriaFrom="EamRestrictLocatorCode" programmaticQuery="true" lovItem="EamRestrictLocatorCode"/>
                  <lovMap criteriaFrom="EamSubInvName" programmaticQuery="true" lovItem="EamSubInvName"/>
               </lovMappings>
            </oa:messageLovInput>
            <oa:formValue dataType="NUMBER" viewName="ReturnMaterialToInventoryVO" viewAttr="Locatorid" id="EamInvlocatorId" promptTranslationExpansion="100%" user:akAttributeCode="EAM_INVLOCATOR_ID" user:akAttributeApplicationId="426"/>
            <oa:image rendered="false" width="10" prompt="Lot/Serial" dataType="URL" height="1" source="updateicon_enabled.gif" destination="test.jsp" id="EamLotSerialNumber" promptTranslationExpansion="100%" user:akAttributeCode="EAM_LOT_SERIAL_NUMBER" user:akAttributeApplicationId="426"/>
            <oa:messageTextInput readOnly="false" columns="10" prompt="Date" dataType="DATETIME" rows="1" secret="false" viewName="ReturnMaterialToInventoryVO" viewAttr="Transdate" maximumLength="20" id="EamTransactionDate" promptTranslationExpansion="100%" user:akAttributeCode="EAM_TRANSACTION_DATE" user:akAttributeApplicationId="426" shortDesc="Date"/>
            <oa:messageLovInput readOnly="false" columns="6" prompt="Reason" rows="1" secret="false" viewName="ReturnMaterialToInventoryVO" viewAttr="Reason" maximumLength="30" id="EamTransactionReason" promptTranslationExpansion="100%" user:akAttributeCode="EAM_TRANSACTION_REASON" user:akAttributeApplicationId="426" shortDesc="Reason">
               <lovContents>
                  <oa:listOfValues id="EAM_TRANSACTION_REASON_LOV" amDefName="oracle.apps.eam.stores.lov.server.EAMStoresLOVAM" title="EAM Transaction Reason LOV">
                     <ui:contents>
                        <oa:table name="EAM_TRANSACTION_REASON_LOV" id="EAM_TRANSACTION_REASON_LOV_lovTable" akRegionCode="EAM_TRANSACTION_REASON_LOV" regionName="EAM Transaction Reason LOV" blockSize="13" standalone="true" shortDesc="Transaction Reason LOV">
                           <ui:contents>
                              <oa:messageStyledText queryable="true" columns="15" prompt="Reason" rows="1" viewName="EAMTransactionReasonLOVVO" viewAttr="Reason" maximumLength="30" id="EamTransactionReason____1" promptTranslationExpansion="100%" user:akAttributeCode="EAM_TRANSACTION_REASON" user:akAttributeApplicationId="426" shortDesc="Reason"/>
                              <oa:formValue dataType="NUMBER" viewName="EAMTransactionReasonLOVVO" viewAttr="ReasonId" id="EamTransactionReasonId____1" promptTranslationExpansion="100%" user:akAttributeCode="EAM_TRANSACTION_REASON_ID" user:akAttributeApplicationId="426"/>
                              <oa:messageStyledText columns="25" prompt="Description" rows="1" viewName="EAMTransactionReasonLOVVO" viewAttr="Description" maximumLength="240" id="EamDescription____1" promptTranslationExpansion="100%" user:akAttributeCode="EAM_DESCRIPTION" user:akAttributeApplicationId="426"/>
                           </ui:contents>
                        </oa:table>
                     </ui:contents>
                  </oa:listOfValues>
               </lovContents>
               <lovMappings>
                  <lovMap resultTo="EamTransactionReason" lovItem="EamTransactionReason"/>
                  <lovMap resultTo="EamTransactionReasonId" lovItem="EamTransactionReasonId"/>
                  <lovMap criteriaFrom="EamTransactionReason" lovItem="EamTransactionReason"/>
               </lovMappings>
            </oa:messageLovInput>
            <oa:formValue dataType="NUMBER" viewName="ReturnMaterialToInventoryVO" viewAttr="Reasonid" id="EamTransactionReasonId" promptTranslationExpansion="100%" user:akAttributeCode="EAM_TRANSACTION_REASON_ID" user:akAttributeApplicationId="426"/>
            <oa:messageTextInput readOnly="false" columns="6" prompt="Ref" rows="1" secret="false" viewName="ReturnMaterialToInventoryVO" viewAttr="Reference" maximumLength="240" id="EamTransactionReference" promptTranslationExpansion="100%" user:akAttributeCode="EAM_TRANSACTION_REFERENCE" user:akAttributeApplicationId="426" shortDesc="Reference"/>
            <oa:formValue id="frmEamItemType" dataType="NUMBER" viewName="ReturnMaterialToInventoryVO" viewAttr="Eamitemtype"/>
            <oa:messageCheckBox id="DelAllocMatReq" text="Delete Allocation And Material Requirement" prompt="Delete Allocation And Material Requirement" defaultValue="" dataType="VARCHAR2" checked="true" checkedValue="Y" unCheckedValue="N" viewName="ReturnMaterialToInventoryVO" viewAttr="Delallocmatreq" userCustomizable="true"/>
         </ui:contents>
         <ui:tableSelection>
            <oa:multipleSelection viewName="ReturnMaterialToInventoryVO" viewAttr="Selecteditem" id="EamSelectedRow" user:akAttributeCode="EAM_SELECTED_ROW" user:akAttributeApplicationId="426">
               <ui:contents>
                  <oa:selectionButton text="Return to Inventory" id="EamReturn" textTranslationExpansion="100%" user:akAttributeCode="EAM_MATERIAL_RETURN" user:akAttributeApplicationId="426" shortDesc="Return To Inventory"/>
               </ui:contents>
            </oa:multipleSelection>
         </ui:tableSelection>
      </oa:table>
   </ui:contents>
</oa:defaultSingleColumn>
