<?xml version = '1.0' encoding = 'UTF-8'?>
<page xmlns:jrad="http://xmlns.oracle.com/jrad" xmlns:oa="http://xmlns.oracle.com/oa" xmlns:ui="http://xmlns.oracle.com/uix/ui" version="10.1.3_1086" xml:lang="en-US" xmlns:user="http://xmlns.oracle.com/jrad/user" xmlns="http://xmlns.oracle.com/jrad" file-version="$Header: SaeEamAtributosFerramentaPG.xml 120.10 17/10/2020 12:00:00 appldev ship $">
   <content>
      <oa:pageLayout id="PageLayout" windowTitle="SAE - Sistema da Ferramentaria" title="Atributos da Ferramenta" amDefName="xxsae.oracle.apps.eam.ferramentaria.server.SaeEamFerramentaAM" controllerClass="xxsae.oracle.apps.eam.ferramentaria.webui.SaeEamAtributosFerramentaCO">
         <ui:corporateBranding>
            <oa:image id="corporateBrandingImage" source="/OA_MEDIA/FNDSSCORP.gif"/>
         </ui:corporateBranding>
         <ui:contents>
            <oa:pageButtonBar id="PageButtons">
               <ui:contents>
                  <oa:submitButton id="Salvar" text="Salvar" prompt="Salvar"/>
                  <oa:submitButton id="Voltar" text="Voltar" prompt="Voltar" unvalidated="true" serverUnvalidated="true"/>
               </ui:contents>
            </oa:pageButtonBar>
            <oa:messageComponentLayout id="MainRN" promptWidth="30%" fieldWidth="70%" rows="15" columns="1">
               <ui:contents>
                  <oa:messageTextInput id="WipEntityName" prompt="Ordem de Serviço" styleClass="OraDataText"/>
                  <oa:messageTextInput id="OperationSeqNum" prompt="Operação" styleClass="OraDataText"/>
                  <oa:messageTextInput id="CodigoItem" prompt="Item" styleClass="OraDataText"/>
                  <oa:messageTextInput id="Attribute1" prompt="Nº da Requisição" columns="30"/>
                  <oa:messageTextInput id="Attribute2" prompt="Quantidade Emprestada" columns="30"/>
                  <oa:messageLovInput id="EmprestarPara" prompt="Emprestada para" columns="150" externalListOfValues="/xxsae/oracle/apps/eam/ferramentaria/lov/webui/SaeEamUsuariosFerrLovRN">
                     <lovMappings>
                        <lovMap id="EmprestadoParaLovMap" lovItem="EmprestarPara" resultTo="EmprestarPara"/>
                        <lovMap id="Attribute3LovMap" lovItem="Codigo" resultTo="Attribute3" criteriaFrom="Attribute3"/>
                     </lovMappings>
                  </oa:messageLovInput>
                  <oa:messageTextInput id="Attribute4" prompt="Data Prevista da Retirada" columns="30" dataType="DATE"/>
                  <oa:messageTextInput id="Attribute5" prompt="Data Prevista da Devolução" columns="30" dataType="DATE"/>
                  <oa:messageTextInput id="Attribute6" prompt="Data Real da Retirada" columns="30" dataType="DATE"/>
                  <oa:messageTextInput id="Attribute7" prompt="Data Real da Devolução" columns="30" dataType="DATE"/>
                  <oa:messageLovInput id="Attribute8" prompt="Observação da Devolução" columns="30" externalListOfValues="/xxsae/oracle/apps/eam/ferramentaria/lov/webui/SaeEamObsDevLovRN">
                     <lovMappings>
                        <lovMap id="ObsDevFerLovMap" lovItem="Codigo" resultTo="Attribute8" criteriaFrom="Attribute8"/>
                     </lovMappings>
                  </oa:messageLovInput>
                  <oa:messageTextInput id="Attribute14" prompt="Observação - Detalhe" columns="100"/>
                  <oa:messageChoice id="Attribute9" prompt="Status da Ferramenta" pickListViewDef="xxsae.oracle.apps.eam.ferramentaria.poplist.server.SaeEamFerStatusRetVO" pickListDispAttr="Status" pickListValAttr="Status" allowBlankValue="true">
                     <ui:primaryClientAction>
                        <ui:fireAction event="updateStatus"/>
                     </ui:primaryClientAction>
                  </oa:messageChoice>
                  <oa:messageTextInput id="Attribute10" prompt="Reduzir Qtd Disponível" columns="30"/>
                  <oa:messageTextInput id="Attribute11" prompt="Nº da GRA" columns="30"/>
               </ui:contents>
            </oa:messageComponentLayout>
            <oa:formValue id="OrganizationId"/>
            <oa:formValue id="InventoryItemId"/>
            <oa:formValue id="WipEntityId"/>
            <oa:formValue id="PageType"/>
            <oa:formValue id="Attribute3"/>
         </ui:contents>
      </oa:pageLayout>
   </content>
</page>
