<?xml version = '1.0' encoding = 'UTF-8'?>
<page xmlns:jrad="http://xmlns.oracle.com/jrad" xmlns:oa="http://xmlns.oracle.com/oa" xmlns:ui="http://xmlns.oracle.com/uix/ui" version="10.1.3_1086" xml:lang="en-US" xmlns:user="http://xmlns.oracle.com/jrad/user" xmlns="http://xmlns.oracle.com/jrad" file-version="$Header: SaeEamBancadaFerramentariaPG.xml 120.8 08/10/2020 12:00:00 appldev ship $">
   <content>
      <oa:pageLayout id="pageLayout" amDefName="xxsae.oracle.apps.eam.ferramentaria.server.SaeEamBancadaFerramentariaAM" windowTitle="SAE - Sistema da Ferramentaria" title="Bancada da Ferramentaria" controllerClass="xxsae.oracle.apps.eam.ferramentaria.webui.SaeEamBancadaFerramentariaCO">
         <ui:corporateBranding>
            <oa:image id="corporateBrandingImage" source="/OA_MEDIA/FNDSSCORP.gif"/>
         </ui:corporateBranding>
         <ui:contents>
            <oa:query id="QueryRN" mode="autoCustomizationCriteria" dispSimple="true">
               <ui:contents>
                  <oa:table id="ResultsTable" blockSize="50" width="100%">
                     <ui:contents>
                        <oa:messageTextInput id="ControleSerie" dataType="VARCHAR2" prompt="Controle" viewName="SaeEamBancadaFerramentariaVO" viewAttr="ControleSerie" maximumLength="9" readOnly="true" sortState="yes"/>
                        <oa:switcher id="UpdateSwitcher" viewName="SaeEamBancadaFerramentariaVO" viewAttr="Updateswitcher" prompt="Editar">
                           <ui:case name="UpdateEnabled">
                              <oa:image id="UpdateEnabled" source="getparts_enabled.gif" shortDesc="Atualizar Informações da Ferramenta">
                                 <ui:primaryClientAction>
                                    <ui:fireAction event="updateFerramenta" id="fireAction1">
                                       <ui:parameters>
                                          <ui:parameter key="pIdFerramenta" value="${oa.SaeEamBancadaFerramentariaVO.IdFerramenta}"/>
                                       </ui:parameters>
                                    </ui:fireAction>
                                 </ui:primaryClientAction>
                              </oa:image>
                           </ui:case>
                           <ui:case name="UpdateDisabled">
                              <oa:image id="UpdateDisabled" source="getparts_disabled.gif"/>
                           </ui:case>
                        </oa:switcher>
                        <oa:messageTextInput id="Item" dataType="VARCHAR2" prompt="Item" viewName="SaeEamBancadaFerramentariaVO" viewAttr="Item" maximumLength="40" readOnly="true" sortState="yes"/>
                        <oa:messageTextInput id="Description" dataType="VARCHAR2" prompt="Descrição" viewName="SaeEamBancadaFerramentariaVO" viewAttr="Description" maximumLength="240" readOnly="true" sortState="yes"/>
                        <oa:messageTextInput id="SerialNumber" dataType="VARCHAR2" prompt="Número de Série" viewName="SaeEamBancadaFerramentariaVO" viewAttr="SerialNumber" maximumLength="30" readOnly="true" sortState="yes"/>
                        <oa:messageTextInput id="CurrentSubinventoryCode" dataType="VARCHAR2" prompt="Ferramentaria" viewName="SaeEamBancadaFerramentariaVO" viewAttr="CurrentSubinventoryCode" maximumLength="10" readOnly="true" sortState="yes"/>
                        <oa:messageTextInput id="WipEntityName" dataType="VARCHAR2" prompt="Ordem de Serviço" viewName="SaeEamBancadaFerramentariaVO" viewAttr="WipEntityName" maximumLength="240" readOnly="true" sortState="yes"/>
                        <oa:messageTextInput id="OperationSeqNum" dataType="NUMBER" prompt="Operação" viewName="SaeEamBancadaFerramentariaVO" viewAttr="OperationSeqNum" readOnly="true" sortState="yes"/>
                        <oa:messageTextInput id="GraHeaderId" dataType="NUMBER" prompt="Núm. GRA" viewName="SaeEamBancadaFerramentariaVO" viewAttr="GraHeaderId" readOnly="true" sortState="yes"/>
                        <oa:messageTextInput id="NumCautela" dataType="VARCHAR2" prompt="Núm. Cautela" viewName="SaeEamBancadaFerramentariaVO" viewAttr="NumCautela" readOnly="true" sortState="yes"/>
                        <oa:messageTextInput id="StatusFerramenta" dataType="VARCHAR2" prompt="Status Ferramenta" viewName="SaeEamBancadaFerramentariaVO" viewAttr="StatusFerramenta" maximumLength="30" readOnly="true" sortState="yes"/>
                        <oa:messageTextInput id="DestinoFerramenta" dataType="VARCHAR2" prompt="Destino Ferramenta" viewName="SaeEamBancadaFerramentariaVO" viewAttr="DestinoFerramenta" readOnly="true" sortState="yes"/>
                        <oa:messageTextInput id="Estoque" dataType="NUMBER" prompt="Qtde Estoque" viewName="SaeEamBancadaFerramentariaVO" viewAttr="Estoque" readOnly="true" sortState="yes"/>
                        <oa:messageTextInput id="ReduzirDisponivel" dataType="NUMBER" prompt="Reduzir Disponível" viewName="SaeEamBancadaFerramentariaVO" viewAttr="ReduzirDisponivel" readOnly="true"/>
                        <oa:messageTextInput id="Disponivel" dataType="NUMBER" prompt="Estoque Disponível" viewName="SaeEamBancadaFerramentariaVO" viewAttr="Disponivel" readOnly="true" sortState="yes"/>
                        <oa:messageTextInput id="ObsDevFerramenta" dataType="VARCHAR2" prompt="Obs. Devolução" viewName="SaeEamBancadaFerramentariaVO" viewAttr="ObsDevFerramenta" maximumLength="30" readOnly="true" sortState="yes"/>
                        <oa:messageTextInput id="DetObservacao" dataType="VARCHAR2" prompt="Detalhe da Observação" viewName="SaeEamBancadaFerramentariaVO" viewAttr="DetObservacao" maximumLength="100" readOnly="true" sortState="yes"/>
                        <oa:formValue id="IdFerramenta" dataType="VARCHAR2" prompt="IdFerramenta" viewName="SaeEamBancadaFerramentariaVO" viewAttr="IdFerramenta"/>
                        <oa:formValue id="ObsDescription" dataType="VARCHAR2" prompt="ObsDescription" viewName="SaeEamBancadaFerramentariaVO" viewAttr="ObsDescription"/>
                        <oa:formValue id="StatusFerrDescription" dataType="VARCHAR2" prompt="StatusFerrDescription" viewName="SaeEamBancadaFerramentariaVO" viewAttr="StatusFerrDescription"/>
                     </ui:contents>
                     <ui:tableActions>
                        <oa:flowLayout id="ButtonsRN">
                           <ui:contents>
                              <oa:submitButton id="ExportXLS" text="Exportar para Excel" prompt="Exportar para Excel">
                                 <ui:primaryClientAction>
                                    <ui:fireAction event="exportXLS"/>
                                 </ui:primaryClientAction>
                              </oa:submitButton>
                           </ui:contents>
                        </oa:flowLayout>
                     </ui:tableActions>
                  </oa:table>
               </ui:contents>
               <oa:simpleSearchMappings>
                  <oa:queryCriteriaMap id="CritMapControleSerie" criteriaItem="SearchControleSerie" resultsItem="ControleSerie"/>
                  <oa:queryCriteriaMap id="CritMapItem" criteriaItem="SearchItem" resultsItem="Item"/>
                  <oa:queryCriteriaMap id="CritMapSerie" criteriaItem="SearchSerialNumber" resultsItem="SerialNumber"/>
                  <oa:queryCriteriaMap id="CritMapSubinv" criteriaItem="SearchSubinv" resultsItem="CurrentSubinventoryCode"/>
                  <oa:queryCriteriaMap id="CritMapStatus" criteriaItem="SearchStatus" resultsItem="StatusFerramenta"/>
                  <oa:queryCriteriaMap id="CritMapObs" criteriaItem="SearchObsDev" resultsItem="ObsDevFerramenta"/>
                  <oa:queryCriteriaMap id="CritMapDestino" criteriaItem="SearchDestino" resultsItem="DestinoFerramenta"/>
                  <oa:queryCriteriaMap id="CritMapGRA" criteriaItem="SearchGRA" resultsItem="GraHeaderId"/>
                  <oa:queryCriteriaMap id="CritMapCautela" criteriaItem="SearchCautela" resultsItem="NumCautela"/>
                  <oa:queryCriteriaMap id="CritMapOS" criteriaItem="SearchOS" resultsItem="WipEntityName"/>
               </oa:simpleSearchMappings>
               <oa:simpleSearchPanel>
                  <oa:header text="Pesquisa Simples" id="SimpleSearchHdr">
                     <ui:contents>
                        <oa:messageComponentLayout id="CustomSimpleSearch" width="100%" rows="4" columns="3" promptWidth="30%" fieldWidth="70%">
                           <ui:contents>
                              <oa:messageChoice id="SearchControleSerie" pickListViewDef="xxsae.oracle.apps.eam.ferramentaria.poplist.server.SaeEamFerControleSerieVO" pickListDispAttr="ControleSerie" pickListValAttr="ControleSerie" prompt="Controle"/>
                              <oa:messageLovInput id="SearchItem" externalListOfValues="/xxsae/oracle/apps/eam/ferramentaria/lov/webui/SaeEamItensFerramentasLovRN" prompt="Item">
                                 <lovMappings>
                                    <lovMap id="SearchItemLovMap" lovItem="Item" resultTo="SearchItem" criteriaFrom="SearchItem"/>
                                 </lovMappings>
                              </oa:messageLovInput>
                              <oa:messageTextInput id="SearchSerialNumber" dataType="VARCHAR2" prompt="Número de Série" maximumLength="30" readOnly="false"/>
                              <oa:messageLovInput id="SearchSubinv" externalListOfValues="/xxsae/oracle/apps/eam/ferramentaria/lov/webui/SaeEamSubinvFerramentariaLovRN" prompt="Ferramentaria">
                                 <lovMappings>
                                    <lovMap id="SearchSubinvLovMap" lovItem="Ferramentaria" resultTo="SearchSubinv" criteriaFrom="SearchSubinv"/>
                                 </lovMappings>
                              </oa:messageLovInput>
                              <oa:messageLovInput id="SearchOS" externalListOfValues="/xxsae/oracle/apps/eam/ferramentaria/lov/webui/SaeEamFerOSLovRN" prompt="Ordem de Serviço">
                                 <lovMappings>
                                    <lovMap id="SearchOSLovMap" lovItem="OrdemServico" resultTo="SearchOS" criteriaFrom="SearchOS"/>
                                 </lovMappings>
                              </oa:messageLovInput>
                              <oa:messageChoice id="SearchStatus" pickListViewDef="xxsae.oracle.apps.eam.ferramentaria.poplist.server.SaeEamFerStatusVO" pickListDispAttr="Status" pickListValAttr="Status" prompt="Status Ferramenta"/>
                              <oa:messageLovInput id="SearchObsDev" externalListOfValues="/xxsae/oracle/apps/eam/ferramentaria/lov/webui/SaeEamObsDevLovRN" prompt="Obs. Devolução">
                                 <lovMappings>
                                    <lovMap id="SearchObsDevLovMap" lovItem="Codigo" resultTo="SearchObsDev" criteriaFrom="SearchObsDev"/>
                                 </lovMappings>
                              </oa:messageLovInput>
                              <oa:messageChoice id="SearchDestino" pickListViewDef="xxsae.oracle.apps.eam.ferramentaria.poplist.server.SaeEamFerDestinoVO" pickListDispAttr="Destino" pickListValAttr="Destino" prompt="Destino Ferramenta"/>
                              <oa:messageTextInput id="SearchGRA" dataType="NUMBER" prompt="Número da GRA" readOnly="false"/>
                              <oa:messageTextInput id="SearchCautela" dataType="VARCHAR2" prompt="Número da Cautela" maximumLength="30" readOnly="false"/>
                           </ui:contents>
                        </oa:messageComponentLayout>
                     </ui:contents>
                  </oa:header>
               </oa:simpleSearchPanel>
            </oa:query>
         </ui:contents>
      </oa:pageLayout>
   </content>
</page>
