<?xml version = '1.0' encoding = 'UTF-8'?>
<page xmlns:jrad="http://xmlns.oracle.com/jrad" xmlns:oa="http://xmlns.oracle.com/oa" xmlns:ui="http://xmlns.oracle.com/uix/ui" version="10.1.3_1086" xml:lang="en-US" xmlns:user="http://xmlns.oracle.com/jrad/user" xmlns="http://xmlns.oracle.com/jrad" file-version="$Header: SaeEamFerramentaPG.xml 120.7 17/10/2020 12:00:00 appldev ship $">
   <content>
      <oa:pageLayout id="PageLayout" amDefName="xxsae.oracle.apps.eam.ferramentaria.server.SaeEamFerramentaAM" windowTitle="SAE - Sistema da Ferramentaria" title="Atualização de Dados da Ferramenta" controllerClass="xxsae.oracle.apps.eam.ferramentaria.webui.SaeEamFerramentaCO">
         <ui:corporateBranding>
            <oa:image id="corporateBrandingImage" source="/OA_MEDIA/FNDSSCORP.gif"/>
         </ui:corporateBranding>
         <ui:contents>
            <oa:pageButtonBar id="PageButtons">
               <ui:contents>
                  <oa:submitButton id="Salvar" text="Salvar" prompt="Salvar"/>
                  <oa:submitButton id="Cancelar" text="Cancelar" prompt="Cancelar"/>
                  <oa:submitButton id="Voltar" text="Voltar" prompt="Voltar"/>
               </ui:contents>
            </oa:pageButtonBar>
            <oa:header id="MainRN" text="Manter Dados da Ferramenta">
               <ui:contents>
                  <oa:defaultSingleColumn id="FerramentaRN">
                     <ui:contents>
                        <oa:messageTextInput id="Item" dataType="VARCHAR2" prompt="Item" viewName="SaeEamFerramentaVO" viewAttr="Item" maximumLength="40" readOnly="true" styleClass="OraDataText"/>
                        <oa:messageTextInput id="Description" dataType="VARCHAR2" prompt="Descrição" viewName="SaeEamFerramentaVO" viewAttr="Description" maximumLength="240" readOnly="true" styleClass="OraDataText"/>
                        <oa:messageTextInput id="SerialNumber" dataType="VARCHAR2" prompt="Número de Série" viewName="SaeEamFerramentaVO" viewAttr="SerialNumber" maximumLength="30" readOnly="true" styleClass="OraDataText"/>
                        <oa:messageChoice id="StatusFerramenta" dataType="VARCHAR2" prompt="Status da Ferramenta" viewName="SaeEamFerramentaVO" viewAttr="StatusFerramenta" pickListDispAttr="Status" pickListValAttr="Status" pickListViewDef="xxsae.oracle.apps.eam.ferramentaria.poplist.server.SaeEamFerStatusVO">
                           <ui:primaryClientAction>
                              <ui:fireAction event="statusFerramenta"/>
                           </ui:primaryClientAction>
                        </oa:messageChoice>
                        <oa:messageTextInput id="DestinoFerramenta" dataType="VARCHAR2" prompt="Destino Ferramenta" viewName="SaeEamFerramentaVO" viewAttr="DestinoFerramenta" readOnly="true" sortState="no"/>
                        <oa:messageTextInput id="CurrentSubinventoryCode" dataType="VARCHAR2" prompt="Ferramentaria" viewName="SaeEamFerramentaVO" viewAttr="CurrentSubinventoryCode" maximumLength="10" readOnly="true"/>
                        <oa:messageTextInput id="GraHeaderId" dataType="NUMBER" prompt="Número GRA" viewName="SaeEamFerramentaVO" viewAttr="GraHeaderId"/>
                        <oa:messageTextInput id="WipEntityName" dataType="VARCHAR2" prompt="Ordem de Serviço" viewName="SaeEamFerramentaVO" viewAttr="WipEntityName" maximumLength="240" readOnly="true"/>
                        <oa:messageTextInput id="OperationSeqNum" dataType="NUMBER" prompt="Operação" viewName="SaeEamFerramentaVO" viewAttr="OperationSeqNum" readOnly="true"/>
                        <oa:messageTextInput id="NumCautela" dataType="VARCHAR2" prompt="Número Cautela" viewName="SaeEamFerramentaVO" viewAttr="NumCautela" readOnly="true"/>
                        <oa:messageTextInput id="Estoque" dataType="NUMBER" prompt="Quantidade Estoque" viewName="SaeEamFerramentaVO" viewAttr="Estoque" readOnly="true"/>
                        <oa:messageTextInput id="Disponivel" dataType="NUMBER" prompt="Estoque Disponível" viewName="SaeEamFerramentaVO" viewAttr="Disponivel" readOnly="true"/>
                        <oa:messageTextInput id="ReduzirDisponivel" dataType="NUMBER" prompt="Reduzir Qtde Disponível" viewName="SaeEamFerramentaVO" viewAttr="ReduzirDisponivel" columns="5">
                           <ui:primaryClientAction>
                              <ui:fireAction event="reduzirDisponivel" id="fireAction1"/>
                           </ui:primaryClientAction>
                        </oa:messageTextInput>
                        <oa:messageLovInput id="ObsDevFerramenta" dataType="VARCHAR2" prompt="Obs. Devolução" viewName="SaeEamFerramentaVO" viewAttr="ObsDevFerramenta" maximumLength="30" externalListOfValues="/xxsae/oracle/apps/eam/ferramentaria/lov/webui/SaeEamObsDevLovRN" columns="30">
                           <lovMappings>
                              <lovMap id="ObsDevFerLovMap" lovItem="Codigo" resultTo="ObsDevFerramenta" criteriaFrom="ObsDevFerramenta"/>
                           </lovMappings>
                        </oa:messageLovInput>
                        <oa:messageTextInput id="DetObservacao" dataType="VARCHAR2" prompt="Detalhe da Observação" viewName="SaeEamFerramentaVO" viewAttr="DetObservacao" maximumLength="100" columns="100"/>
                     </ui:contents>
                  </oa:defaultSingleColumn>
                  <oa:formValue id="ReservationId" dataType="NUMBER" prompt="IdFerramenta" viewName="SaeEamFerramentaVO" viewAttr="ReservationId"/>
                  <oa:formValue id="IdFerramenta" dataType="NUMBER" prompt="IdFerramenta" viewName="SaeEamFerramentaVO" viewAttr="IdFerramenta"/>
                  <oa:formValue id="InventoryItemId" dataType="NUMBER" prompt="InventoryItemId" viewName="SaeEamFerramentaVO" viewAttr="InventoryItemId"/>
                  <oa:formValue id="CurrentOrganizationId" dataType="NUMBER" prompt="CurrentOrganizationId" viewName="SaeEamFerramentaVO" viewAttr="CurrentOrganizationId"/>
                  <oa:formValue id="CreationDate" dataType="DATE" prompt="CreationDate" viewName="SaeEamFerramentaVO" viewAttr="CreationDate"/>
                  <oa:formValue id="CreatedBy" dataType="NUMBER" prompt="CreatedBy" viewName="SaeEamFerramentaVO" viewAttr="CreatedBy"/>
                  <oa:formValue id="LastUpdateDate" dataType="DATE" prompt="LastUpdateDate" viewName="SaeEamFerramentaVO" viewAttr="LastUpdateDate"/>
                  <oa:formValue id="LastUpdatedBy" dataType="NUMBER" prompt="LastUpdatedBy" viewName="SaeEamFerramentaVO" viewAttr="LastUpdatedBy"/>
                  <oa:formValue id="LastUpdateLogin" dataType="NUMBER" prompt="LastUpdateLogin" viewName="SaeEamFerramentaVO" viewAttr="LastUpdateLogin"/>
               </ui:contents>
            </oa:header>
         </ui:contents>
      </oa:pageLayout>
   </content>
</page>
