<?xml version = '1.0' encoding = 'UTF-8'?>
<oa:listOfValues version="10.1.3_1086" xml:lang="en-US" xmlns:oa="http://xmlns.oracle.com/oa" xmlns:jrad="http://xmlns.oracle.com/jrad" xmlns:ui="http://xmlns.oracle.com/uix/ui" xmlns:user="http://xmlns.oracle.com/jrad/user" xmlns="http://xmlns.oracle.com/jrad" file-version="$Header: SaeEamUsuariosFerrLovRN.xml 120.3 09/10/2020 12:00:00 appldev ship $" scope="/" amDefName="xxsae.oracle.apps.eam.ferramentaria.lov.server.SaeEamFerLovsAM">
   <ui:contents>
      <oa:table name="SaeEamUsuariosFerrLovRN" id="SaeEamUsuariosFerrLovTable">
         <ui:contents>
            <oa:messageStyledText id="Codigo" dataType="VARCHAR2" prompt="Código" viewName="SaeEamUsuariosFerrLovVO" viewAttr="Codigo" maximumLength="9" queryable="true"/>
            <oa:messageStyledText id="EmprestarPara" dataType="VARCHAR2" prompt="Emprestar Para (Nome - Projeto - Empresa)" viewName="SaeEamUsuariosFerrLovVO" viewAttr="EmprestarPara" maximumLength="179" queryable="true"/>
         </ui:contents>
      </oa:table>
   </ui:contents>
</oa:listOfValues>
