<?xml version = '1.0' encoding = 'UTF-8'?>
<oa:listOfValues version="10.1.3_1086" xml:lang="en-US" xmlns:oa="http://xmlns.oracle.com/oa" xmlns:jrad="http://xmlns.oracle.com/jrad" xmlns:ui="http://xmlns.oracle.com/uix/ui" xmlns:user="http://xmlns.oracle.com/jrad/user" xmlns="http://xmlns.oracle.com/jrad" file-version="$Header: SaeEamObsDevLovRN.xml 120.3 21/09/2020 12:00:00 appldev ship $" scope="/" amDefName="xxsae.oracle.apps.eam.ferramentaria.lov.server.SaeEamFerLovsAM">
   <ui:contents>
      <oa:table name="SaeEamObsDevLovRN" id="SaeEamObsDevLovTable" amDefName="xxsae.oracle.apps.eam.ferramentaria.lov.server.SaeEamFerLovsAM">
         <ui:contents>
            <oa:messageStyledText id="Codigo" dataType="VARCHAR2" prompt="Codigo" viewName="SaeEamObsDevLovVO" viewAttr="Codigo" maximumLength="80" queryable="true"/>
            <oa:messageStyledText id="Description" dataType="VARCHAR2" prompt="Description" viewName="SaeEamObsDevLovVO" viewAttr="Description" maximumLength="240"/>
         </ui:contents>
      </oa:table>
   </ui:contents>
</oa:listOfValues>
