<?xml version = '1.0' encoding = 'UTF-8'?>
<oa:listOfValues version="10.1.3_1086" xml:lang="en-US" xmlns:oa="http://xmlns.oracle.com/oa" xmlns:jrad="http://xmlns.oracle.com/jrad" xmlns:ui="http://xmlns.oracle.com/uix/ui" xmlns:user="http://xmlns.oracle.com/jrad/user" xmlns="http://xmlns.oracle.com/jrad" file-version="$Header: SaeEamFerOSLovRN.xml 120.3 21/09/2020 12:00:00 appldev ship $" scope="/" amDefName="xxsae.oracle.apps.eam.ferramentaria.lov.server.SaeEamFerLovsAM">
   <ui:contents>
      <oa:table name="SaeEamFerOSLovRN" id="SaeEamFerOSLovTable">
         <ui:contents>
            <oa:messageStyledText id="OrdemServico" dataType="VARCHAR2" prompt="Ordem de Serviço" viewName="SaeEamFerOSLovVO" viewAttr="OrdemServico" maximumLength="240" queryable="true"/>
            <oa:messageStyledText id="Descricao" dataType="VARCHAR2" prompt="Descrição" viewName="SaeEamFerOSLovVO" viewAttr="Descricao" maximumLength="240"/>
         </ui:contents>
      </oa:table>
   </ui:contents>
</oa:listOfValues>
