<?xml version = '1.0' encoding = 'UTF-8'?>
<oa:listOfValues version="10.1.3_1086" xml:lang="en-US" xmlns:oa="http://xmlns.oracle.com/oa" xmlns:jrad="http://xmlns.oracle.com/jrad" xmlns:ui="http://xmlns.oracle.com/uix/ui" xmlns:user="http://xmlns.oracle.com/jrad/user" xmlns="http://xmlns.oracle.com/jrad" file-version="$Header: SaeGraContatoLovRN.xml 120.4 09/07/2020 12:00:00 appldev ship $" scope="/" amDefName="xxsae.oracle.apps.xbol.gra.lov.server.SaeGraLovAM">
   <ui:contents>
      <oa:table name="SaeGraContatoLovRN" id="SaeGraContatoLovTable" width="100%">
         <ui:contents>
            <oa:messageStyledText id="Contato" dataType="VARCHAR2" prompt="Contato" viewName="SaeGraContatoLovVO" viewAttr="Contato" maximumLength="31" queryable="true" sortState="yes"/>
            <oa:messageStyledText id="Telefone" dataType="VARCHAR2" prompt="Telefone" viewName="SaeGraContatoLovVO" viewAttr="Telefone" maximumLength="53" queryable="true" sortState="yes"/>
            <oa:messageStyledText id="Email" dataType="VARCHAR2" prompt="Email" viewName="SaeGraContatoLovVO" viewAttr="Email" maximumLength="2000" sortState="yes" queryable="true"/>
            <oa:formValue id="VendorContactId" dataType="NUMBER" prompt="VendorContactId" viewName="SaeGraContatoLovVO" viewAttr="VendorContactId"/>
            <oa:formValue id="VendorSiteId" dataType="NUMBER" prompt="VendorSiteId" viewName="SaeGraContatoLovVO" viewAttr="VendorSiteId"/>
         </ui:contents>
      </oa:table>
   </ui:contents>
</oa:listOfValues>
