<?xml version = '1.0' encoding = 'UTF-8'?>
<oa:listOfValues version="10.1.3_1086" xml:lang="en-US" xmlns:oa="http://xmlns.oracle.com/oa" xmlns:jrad="http://xmlns.oracle.com/jrad" xmlns:ui="http://xmlns.oracle.com/uix/ui" xmlns:user="http://xmlns.oracle.com/jrad/user" xmlns="http://xmlns.oracle.com/jrad" file-version="$Header: SaeGraSolicitanteLovRN.xml 120.5 09/07/2020 12:00:00 appldev ship $" scope="/" amDefName="xxsae.oracle.apps.xbol.gra.lov.server.SaeGraLovAM">
   <ui:contents>
      <oa:table name="SaeGraSolicitanteLovRN" id="SaeGraSolicitanteLovTable" width="100%">
         <ui:contents>
            <oa:formValue id="PersonId" dataType="NUMBER" prompt="PersonId" viewName="SaeGraSolicitanteLovVO" viewAttr="PersonId" queryable="true"/>
            <oa:messageStyledText id="LastName" dataType="VARCHAR2" prompt="Solicitante" viewName="SaeGraSolicitanteLovVO" viewAttr="LastName" maximumLength="190" queryable="true" sortState="yes"/>
            <oa:messageStyledText id="EmployeeNumber" dataType="VARCHAR2" prompt="Matricula do Solicitante" viewName="SaeGraSolicitanteLovVO" viewAttr="EmployeeNumber" maximumLength="190" queryable="true" sortState="yes"/>
         </ui:contents>
      </oa:table>
   </ui:contents>
</oa:listOfValues>
