<?xml version = '1.0' encoding = 'UTF-8'?>
<page xmlns:jrad="http://xmlns.oracle.com/jrad" xmlns:oa="http://xmlns.oracle.com/oa" xmlns:ui="http://xmlns.oracle.com/uix/ui" version="10.1.3_1086" xml:lang="en-US" xmlns:user="http://xmlns.oracle.com/jrad/user" xmlns="http://xmlns.oracle.com/jrad" file-version="$Header: SaeGraReceiptQtdeDispPG.xml 120.4 09/07/2020 12:00:00 appldev ship $">
   <content>
      <oa:pageLayout id="PageLayout" amDefName="xxsae.oracle.apps.xbol.gra.server.SaeGraAM" windowTitle="Guia de Recolhimento de Almoxarifado" title="Mostrar Quantidades de Recebimentos" controllerClass="xxsae.oracle.apps.xbol.gra.webui.SaeGraReceiptQtdeDispCO">
         <ui:corporateBranding>
            <oa:image id="corporateBrandingImage" source="/OA_MEDIA/FNDSSCORP.gif"/>
         </ui:corporateBranding>
         <ui:contents>
            <oa:header id="MainRN" text="Recebimentos">
               <ui:contents>
                  <oa:messageTextInput id="HeaderId" dataType="NUMBER" prompt="Número GRA" viewName="SaeGraReceiptsSumVO" viewAttr="HeaderId" readOnly="true" styleClass="OraDataText"/>
                  <oa:messageChoice id="StageAction" dataType="VARCHAR2" prompt="Etapa" viewName="SaeGraReceiptsSumVO" viewAttr="StageAction" readOnly="true" pickListViewDef="xxsae.oracle.apps.xbol.gra.poplist.server.SaeGraStageStatusVO" pickListDispAttr="Meaning" pickListValAttr="LookupCode" styleClass="OraDataText"/>
                  <oa:messageTextInput id="StageDate" dataType="DATE" prompt="Data da Etapa" viewName="SaeGraReceiptsSumVO" viewAttr="StageDate" readOnly="true" styleClass="OraDataText"/>
                  <oa:table id="ResultsTable" width="100%">
                     <ui:contents>
                        <oa:formValue id="ReceiptId" dataType="NUMBER" prompt="ReceiptId" viewName="SaeGraReceiptsSumVO" viewAttr="ReceiptId"/>
                        <oa:formValue id="StageId" dataType="NUMBER" prompt="StageId" viewName="SaeGraReceiptsSumVO" viewAttr="StageId"/>
                        <oa:formValue id="LineId" dataType="NUMBER" prompt="LineId" viewName="SaeGraReceiptsSumVO" viewAttr="LineId"/>
                        <oa:messageTextInput id="Segment1" dataType="VARCHAR2" prompt="Item" viewName="SaeGraReceiptsSumVO" viewAttr="Segment1" maximumLength="40" readOnly="true" sortState="yes"/>
                        <oa:messageTextInput id="Description" dataType="VARCHAR2" prompt="Descrição" viewName="SaeGraReceiptsSumVO" viewAttr="Description" maximumLength="240" readOnly="true" sortState="yes"/>
                        <oa:messageTextInput id="Quantity" dataType="NUMBER" prompt="Quantidade" viewName="SaeGraReceiptsSumVO" viewAttr="Quantity" readOnly="true" sortState="yes"/>
                        <oa:messageTextInput id="QuantityReceived" dataType="NUMBER" prompt="Quantidade Recebida" viewName="SaeGraReceiptsSumVO" viewAttr="QuantityReceived" readOnly="true" sortState="yes" required="no"/>
                     </ui:contents>
                  </oa:table>
               </ui:contents>
            </oa:header>
            <oa:pageButtonBar id="PageButtons">
               <ui:contents>
                  <oa:submitButton id="Voltar" text="Voltar" prompt="Voltar" serverUnvalidated="true" unvalidated="true"/>
               </ui:contents>
            </oa:pageButtonBar>
         </ui:contents>
      </oa:pageLayout>
   </content>
</page>
