<?xml version = '1.0' encoding = 'UTF-8'?>
<oa:listOfValues version="10.1.3_1086" xml:lang="en-US" xmlns:oa="http://xmlns.oracle.com/oa" xmlns:jrad="http://xmlns.oracle.com/jrad" xmlns:ui="http://xmlns.oracle.com/uix/ui" xmlns:user="http://xmlns.oracle.com/jrad/user" xmlns="http://xmlns.oracle.com/jrad" file-version="$Header: SaeGraItemReceiptLovRN.xml 120.2 09/07/2020 12:00:00 appldev ship $" scope="/" amDefName="xxsae.oracle.apps.xbol.gra.lov.server.SaeGraLovAM">
   <ui:contents>
      <oa:table name="SaeGraItemReceiptLovRN" id="SaeGraItemReceiptLovTable">
         <ui:contents>
            <oa:formValue id="HeaderId" dataType="NUMBER" prompt="HeaderId" viewName="SaeGraItemReceiptLovVO" viewAttr="HeaderId" selectiveSearchCriteria="false"/>
            <oa:formValue id="LineId" dataType="NUMBER" prompt="LineId" viewName="SaeGraItemReceiptLovVO" viewAttr="LineId" selectiveSearchCriteria="false"/>
            <oa:messageStyledText id="Segment1" dataType="VARCHAR2" prompt="Item" viewName="SaeGraItemReceiptLovVO" viewAttr="Segment1" maximumLength="40" queryable="true"/>
            <oa:messageStyledText id="Description" dataType="VARCHAR2" prompt="Descrição" viewName="SaeGraItemReceiptLovVO" viewAttr="Description" maximumLength="240"/>
         </ui:contents>
      </oa:table>
   </ui:contents>
</oa:listOfValues>
