<?xml version = '1.0' encoding = 'UTF-8'?>
<page xmlns:jrad="http://xmlns.oracle.com/jrad" xmlns:oa="http://xmlns.oracle.com/oa" xmlns:ui="http://xmlns.oracle.com/uix/ui" version="10.1.3_1086" xml:lang="en-US" xmlns:user="http://xmlns.oracle.com/jrad/user" xmlns="http://xmlns.oracle.com/jrad" file-version="$Header: SaeGraSumarioPG.xml 120.6 09/07/2020 12:00:00 appldev ship $">
   <content>
      <oa:pageLayout id="pageLayout" amDefName="xxsae.oracle.apps.xbol.gra.server.SaeGraSumarioAM" windowTitle="Guia de Recolhimento de Almoxarifado" title="Sumário de GRA's" controllerClass="xxsae.oracle.apps.xbol.gra.webui.SaeGraSumarioCO">
         <ui:corporateBranding>
            <oa:image id="corporateBrandingImage" source="/OA_MEDIA/FNDSSCORP.gif"/>
         </ui:corporateBranding>
         <ui:contents>
            <oa:query id="QueryRN" mode="autoCustomizationCriteria" dispSimple="true">
               <ui:contents>
                  <oa:table id="ResultsTable" blockSize="30" width="100%">
                     <ui:contents>
                        <oa:messageStyledText id="GraNumero" dataType="NUMBER" prompt="Número GRA" viewName="SaeGraSumarioVO" viewAttr="GraNumero" sortState="yes" styleClass="OraDataText"/>
                        <oa:messageStyledText id="GraData" dataType="VARCHAR2" prompt="Data GRA" viewName="SaeGraSumarioVO" viewAttr="GraData" queryable="true" styleClass="OraFieldText" maximumLength="30" columns="16"/>
                        <oa:switcher id="UpdateSwitcher" viewName="SaeGraSumarioVO" viewAttr="UpdateSwitcher" prompt="Editar/Exibir">
                           <ui:case name="UpdateEnabled">
                              <oa:image id="UpdateEnabled" source="updateicon_enabled.gif" shortDesc="Atualiza Informações da GRA">
                                 <ui:primaryClientAction>
                                    <ui:fireAction event="updateGRA">
                                       <ui:parameters>
                                          <ui:parameter key="pGraNumber" value="${oa.SaeGraSumarioVO.GraNumero}"/>
                                       </ui:parameters>
                                    </ui:fireAction>
                                 </ui:primaryClientAction>
                              </oa:image>
                           </ui:case>
                           <ui:case name="UpdateDisabled">
                              <oa:image id="UpdateDisabled" source="eyeglasses_24x24_transparent.gif" shortDesc="Exibe Informações da GRA">
                                 <ui:primaryClientAction>
                                    <ui:fireAction event="showGRA">
                                       <ui:parameters>
                                          <ui:parameter key="pGraNumber" value="${oa.SaeGraSumarioVO.GraNumero}"/>
                                       </ui:parameters>
                                    </ui:fireAction>
                                 </ui:primaryClientAction>
                              </oa:image>
                           </ui:case>
                        </oa:switcher>
                        <oa:switcher id="DeleteSwitcher" viewName="SaeGraSumarioVO" viewAttr="DeleteSwitcher" prompt="Excluir">
                           <ui:case name="DeleteEnabled">
                              <oa:image id="DeleteEnabled" source="deleteicon_enabled.gif" shortDesc="Exclui a GRA">
                                 <ui:primaryClientAction>
                                    <ui:fireAction event="deleteGRA">
                                       <ui:parameters>
                                          <ui:parameter key="pGraNumber" value="${oa.SaeGraSumarioVO.GraNumero}"/>
                                       </ui:parameters>
                                    </ui:fireAction>
                                 </ui:primaryClientAction>
                              </oa:image>
                           </ui:case>
                           <ui:case name="DeleteDisabled">
                              <oa:image id="DeleteDisabled" source="deleteicon_disabled.gif"/>
                           </ui:case>
                        </oa:switcher>
                        <oa:switcher id="CancelSwitcher" viewName="SaeGraSumarioVO" viewAttr="CancelSwitcher" prompt="Cancelar">
                           <ui:case name="CancelEnabled">
                              <oa:image id="CancelEnabled" source="rejecticon_enabled.gif" shortDesc="Cancela a GRA">
                                 <ui:primaryClientAction>
                                    <ui:fireAction event="cancelGRA">
                                       <ui:parameters>
                                          <ui:parameter key="pGraNumber" value="${oa.SaeGraSumarioVO.GraNumero}"/>
                                       </ui:parameters>
                                    </ui:fireAction>
                                 </ui:primaryClientAction>
                              </oa:image>
                           </ui:case>
                           <ui:case name="CancelDisabled">
                              <oa:image id="CancelDisabled" source="rejecticon_disabled.gif"/>
                           </ui:case>
                        </oa:switcher>
                        <oa:switcher id="ReceiptSwitcher" viewName="SaeGraSumarioVO" viewAttr="ReceiptSwitcher" prompt="Receber">
                           <ui:case name="ReceiptEnabled">
                              <oa:image id="ReceiptEnabled" source="approveicon_enabled.gif" shortDesc="Recebe a GRA">
                                 <ui:primaryClientAction>
                                    <ui:fireAction event="receiptGRA">
                                       <ui:parameters>
                                          <ui:parameter key="pGraNumber" value="${oa.SaeGraSumarioVO.GraNumero}"/>
                                       </ui:parameters>
                                    </ui:fireAction>
                                 </ui:primaryClientAction>
                              </oa:image>
                           </ui:case>
                           <ui:case name="ReceiptDisabled">
                              <oa:image id="ReceiptDisabled" source="approveicon_disabled.gif"/>
                           </ui:case>
                        </oa:switcher>
                        <oa:switcher id="StageSwitcher" viewName="SaeGraSumarioVO" viewAttr="StageSwitcher" prompt="Etapas">
                           <ui:case name="StageEnabled">
                              <oa:image id="StageEnabled" source="notifications_cctitle.gif" shortDesc="Criação de Etapas para a GRA">
                                 <ui:primaryClientAction>
                                    <ui:fireAction event="stageGRA">
                                       <ui:parameters>
                                          <ui:parameter key="pGraNumber" value="${oa.SaeGraSumarioVO.GraNumero}"/>
                                       </ui:parameters>
                                    </ui:fireAction>
                                 </ui:primaryClientAction>
                              </oa:image>
                           </ui:case>
                           <ui:case name="StageDisabled">
                              <oa:image id="StageDisabled"/>
                           </ui:case>
                        </oa:switcher>
                        <oa:switcher id="ReopenSwitcher" prompt="Reabrir" viewName="SaeGraSumarioVO" viewAttr="ReopenSwitcher">
                           <ui:case name="ReopenEnabled">
                              <oa:image id="ReopenEnabled" source="takeaction_enabled.gif" shortDesc="Reabrir GRA">
                                 <ui:primaryClientAction>
                                    <ui:fireAction event="reopenGRA">
                                       <ui:parameters>
                                          <ui:parameter key="pGraNumber" value="${oa.SaeGraSumarioVO.GraNumero}"/>
                                       </ui:parameters>
                                    </ui:fireAction>
                                 </ui:primaryClientAction>
                              </oa:image>
                           </ui:case>
                           <ui:case name="ReopenDisabled">
                              <oa:image id="ReopenDisabled" shortDesc="Reabrir GRA"/>
                           </ui:case>
                        </oa:switcher>
                        <oa:messageStyledText id="Solicitante" dataType="VARCHAR2" prompt="Solicitante" viewName="SaeGraSumarioVO" viewAttr="Solicitante" maximumLength="150" sortState="yes" styleClass="OraFieldText"/>
                        <oa:messageStyledText id="Prioridade" dataType="VARCHAR2" prompt="Prioridade" viewName="SaeGraSumarioVO" viewAttr="Prioridade" maximumLength="80" sortState="yes" styleClass="OraFieldText"/>
                        <oa:messageStyledText id="GraTipo" dataType="VARCHAR2" prompt="Tipo de GRA" viewName="SaeGraSumarioVO" viewAttr="GraTipo" maximumLength="80" sortState="yes" styleClass="OraFieldText"/>
                        <oa:messageStyledText id="Destino" dataType="VARCHAR2" prompt="Destino" viewName="SaeGraSumarioVO" viewAttr="Destino" maximumLength="240" sortState="yes" styleClass="OraFieldText"/>
                        <oa:messageStyledText id="GraStatus" dataType="VARCHAR2" prompt="Status Atual" viewName="SaeGraSumarioVO" viewAttr="GraStatus" maximumLength="4000" sortState="yes" styleClass="OraFieldText"/>
                        <oa:formValue id="UserRequester" dataType="NUMBER" prompt="UserRequester" viewName="SaeGraSumarioVO" viewAttr="UserRequester"/>
                        <oa:formValue id="CreatedBy" dataType="NUMBER" prompt="CreatedBy" viewName="SaeGraSumarioVO" viewAttr="CreatedBy"/>
                     </ui:contents>
                     <ui:tableActions>
                        <oa:flowLayout id="ButtonsRN">
                           <ui:contents>
                              <oa:submitButton id="AddGRA" text="Nova GRA" prompt="Nova GRA">
                                 <ui:primaryClientAction>
                                    <ui:fireAction event="addGRA"/>
                                 </ui:primaryClientAction>
                              </oa:submitButton>
                              <oa:submitButton id="ExportXLS" text="Exportar XLS" prompt="Exportar XLS">
                                 <ui:primaryClientAction>
                                    <ui:fireAction event="exportXLS"/>
                                 </ui:primaryClientAction>
                              </oa:submitButton>
                           </ui:contents>
                        </oa:flowLayout>
                     </ui:tableActions>
                  </oa:table>
               </ui:contents>
               <oa:simpleSearchPanel>
                  <oa:header text="Pesquisa Simples" id="SimpleSearchHdr">
                     <ui:contents>
                        <oa:messageComponentLayout id="CustomSimpleSearch" width="100%" rows="3" columns="2" promptWidth="30%" fieldWidth="70%">
                           <ui:contents>
                              <oa:messageTextInput id="SearchGRA" prompt="GRA"/>
                              <oa:messageLovInput id="SearchSolicitante" prompt="Solicitante" externalListOfValues="/xxsae/oracle/apps/xbol/gra/lov/webui/SaeGraSolicitanteLovRN" maximumLength="80" columns="40">
                                 <lovMappings>
                                    <lovMap id="SearchSolicitanteLovMap" lovItem="LastName" resultTo="SearchSolicitante" criteriaFrom="SearchSolicitante"/>
                                 </lovMappings>
                              </oa:messageLovInput>
                              <oa:messageChoice id="SearchTipoGRA" prompt="Tipo de GRA" pickListViewDef="xxsae.oracle.apps.xbol.gra.poplist.server.SaeGraTiposVO" pickListDispAttr="Meaning" pickListValAttr="Meaning"/>
                              <oa:messageLovInput id="SearchDestino" prompt="Destino" externalListOfValues="/xxsae/oracle/apps/xbol/gra/lov/webui/SaeGraDestinoLovRN" maximumLength="240" columns="80">
                                 <lovMappings>
                                    <lovMap id="SearchDestinoLovMap" lovItem="RazaoSocial" resultTo="SearchDestino" criteriaFrom="SearchDestino"/>
                                 </lovMappings>
                              </oa:messageLovInput>
                              <oa:messageChoice id="SearchStatus" prompt="Status" pickListViewDef="xxsae.oracle.apps.xbol.gra.poplist.server.SaeGraStatusVO" pickListDispAttr="Meaning" pickListValAttr="Meaning"/>
                           </ui:contents>
                        </oa:messageComponentLayout>
                     </ui:contents>
                  </oa:header>
               </oa:simpleSearchPanel>
               <oa:simpleSearchMappings>
                  <oa:queryCriteriaMap id="CritMapGRA" criteriaItem="SearchGRA" resultsItem="GraNumero"/>
                  <oa:queryCriteriaMap id="CritMapSolicitante" criteriaItem="SearchSolicitante" resultsItem="Solicitante"/>
                  <oa:queryCriteriaMap id="CritMapTipoGRA" criteriaItem="SearchTipoGRA" resultsItem="GraTipo"/>
                  <oa:queryCriteriaMap id="CritMapDestino" criteriaItem="SearchDestino" resultsItem="Destino"/>
                  <oa:queryCriteriaMap id="CritMapStatus" criteriaItem="SearchStatus" resultsItem="GraStatus"/>
               </oa:simpleSearchMappings>
            </oa:query>
         </ui:contents>
      </oa:pageLayout>
   </content>
</page>
