<?xml version = '1.0' encoding = 'UTF-8'?>
<customization xmlns="http://xmlns.oracle.com/jrad" version="9.0.6.0.0_55" xml:lang="en-US" customizes="/oracle/apps/eam/stores/rettoinv/webui/EAM_RETURN_MATERIAL_TO_INV">
   <modifications>
      <modify element="region1.EamRetMaterialToInvDetail" controllerClass="xxsae.oracle.apps.eam.stores.rettoinv.webui.SaeEamReturnMaterialToInventoryExtCO"/>
      <move element="region1.EamWorkOrderId" after="region1.EamWorkOrder"/>
      <move element="region1.EamWorkOrderType" after="region1.EamWorkOrderId"/>
      <move element="region1.EamOperationSeq" after="region1.EamWorkOrderType"/>
      <move element="region1.EamInventotyItemName____1" after="region1.EamOperationSeq"/>
      <move element="region1.MaterialDescription" after="region1.EamInventotyItemName____1"/>
      <move element="region1.SAE_FERRAMENTARIA" after="region1.MaterialDescription"/>
      <move element="region1.EamInventoryItemId____1" after="region1.SAE_FERRAMENTARIA"/>
      <move element="region1.EamInvAllowedUomType" after="region1.EamInventoryItemId____1"/>
      <move element="region1.EamItemRevision" after="region1.EamInvAllowedUomType"/>
      <move element="region1.EamRevisionControlled" after="region1.EamItemRevision"/>
      <move element="region1.EamSerialNumber" after="region1.EamRevisionControlled"/>
      <move element="region1.EamLotNumber" after="region1.EamSerialNumber"/>
      <move element="region1.EamRevision" after="region1.EamLotNumber"/>
      <move element="region1.EamIssuedQuantity" after="region1.EamRevision"/>
      <move element="region1.EamQuantity" after="region1.EamIssuedQuantity"/>
      <move element="region1.EamMaterialUom" after="region1.EamQuantity"/>
      <move element="region1.EamRestrictSubinvCode____1" after="region1.EamMaterialUom"/>
      <move element="region1.EamRestrictLocatorCode" after="region1.EamRestrictSubinvCode____1"/>
      <move element="region1.EamSubInvName" after="region1.EamRestrictLocatorCode"/>
      <move element="region1.EamInvLocatorType" after="region1.EamSubInvName"/>
      <move element="region1.EamInvLocator" after="region1.EamInvLocatorType"/>
      <move element="region1.EamInvlocatorId" after="region1.EamInvLocator"/>
      <move element="region1.EamLotSerialNumber" after="region1.EamInvlocatorId"/>
      <move element="region1.EamTransactionDate" after="region1.EamLotSerialNumber"/>
      <move element="region1.EamTransactionReason" after="region1.EamTransactionDate"/>
      <move element="region1.EamTransactionReasonId" after="region1.EamTransactionReason"/>
      <move element="region1.EamTransactionReference" after="region1.EamTransactionReasonId"/>
      <move element="region1.frmEamItemType" after="region1.EamTransactionReference"/>
      <move element="region1.DelAllocMatReq" after="region1.frmEamItemType"/>
   </modifications>
</customization>
