<?xml version="1.0" encoding="UTF-8" ?>
<!-- Generated by Oracle SOA Modeler version 1.0 at [6/26/18 1:44 PM]. -->
<composite name="WorkService"
           revision="3.0"
           label="2018-06-26_13-44-55_220"
           mode="active"
           state="on"
           xmlns="http://xmlns.oracle.com/sca/1.0"
           xmlns:xs="http://www.w3.org/2001/XMLSchema"
           xmlns:wsp="http://schemas.xmlsoap.org/ws/2004/09/policy"
           xmlns:orawsp="http://schemas.oracle.com/ws/2006/01/policy"
           xmlns:ui="http://xmlns.oracle.com/soa/designer/">
  <import namespace="http://xmlns.oracle.com/pcbpel/adapter/db/AppEbs/WorkService/SaeEamWorkRequestPkDB"
          location="SaeEamWorkRequestPkDB.wsdl" importType="wsdl"/>
  <import namespace="http://ebs.sae.ind.br/WorkRequestService/"
          location="WorkService.wsdl" importType="wsdl"/>
  <import namespace="http://ebs.sae.ind.br/WorkRequestService/SetWorkRequest"
          location="SetWorkServiceBpel.wsdl" importType="wsdl"/>
  <import namespace="http://xmlns.oracle.com/pcbpel/adapter/db/AppEbs/WorkService/RegistraLogDB"
          location="RegistraLogDB.wsdl" importType="wsdl"/>
  <import namespace="http://xmlns.oracle.com/pcbpel/adapter/db/AppEbs/WorkService/SaeEamWorkAttachmentPkDB"
          location="SaeEamWorkAttachmentPkDB.wsdl" importType="wsdl"/>
  <import namespace="http://ebs.sae.ind.br/WorkRequestService/SetWorkAttachment"
          location="SetWorkAttachmentBpel.wsdl" importType="wsdl"/>
  <service name="WorkService" ui:wsdlLocation="WorkService.wsdl">
    <interface.wsdl interface="http://ebs.sae.ind.br/WorkRequestService/#wsdl.interface(WorkRequestService)"/>
    <binding.ws port="http://ebs.sae.ind.br/WorkRequestService/#wsdl.endpoint(WorkService/WorkRequestService_pt)">
      <property name="weblogic.wsee.wsat.transaction.flowOption"
                type="xs:string" many="false">NEVER</property>
    </binding.ws>
  </service>
  <component name="WorkServiceMed">
    <implementation.mediator src="WorkServiceMed.mplan"/>
  </component>
  <component name="SetWorkServiceBpel" version="2.0">
    <implementation.bpel src="SetWorkServiceBpel.bpel"/>
    <property name="bpel.config.transaction" type="xs:string" many="false">required</property>
  </component>
  <component name="SetWorkAttachmentBpel" version="2.0">
    <implementation.bpel src="SetWorkAttachmentBpel.bpel"/>
    <property name="bpel.config.transaction" type="xs:string" many="false">required</property>
  </component>
  <reference name="SaeEamWorkRequestPkDB"
             ui:wsdlLocation="SaeEamWorkRequestPkDB.wsdl">
    <interface.wsdl interface="http://xmlns.oracle.com/pcbpel/adapter/db/AppEbs/WorkService/SaeEamWorkRequestPkDB#wsdl.interface(SaeEamWorkRequestPkDB_ptt)"/>
    <binding.jca config="SaeEamWorkRequestPkDB_db.jca"/>
    <property name="jca.retry.count" type="xs:int" many="false" override="may">1</property>
    <property name="jca.retry.interval" type="xs:int" many="false"
              override="may">1</property>
    <property name="jca.retry.backoff" type="xs:int" many="false"
              override="may">2</property>
    <property name="jca.retry.maxInterval" type="xs:string" many="false"
              override="may">120</property>
  </reference>
  <reference name="RegistraLogDB" ui:wsdlLocation="RegistraLogDB.wsdl">
    <interface.wsdl interface="http://xmlns.oracle.com/pcbpel/adapter/db/AppEbs/WorkService/RegistraLogDB#wsdl.interface(RegistraLogDB_ptt)"/>
    <binding.jca config="RegistraLogDB_db.jca"/>
    <property name="jca.retry.count" type="xs:int" many="false" override="may">1</property>
    <property name="jca.retry.interval" type="xs:int" many="false"
              override="may">1</property>
    <property name="jca.retry.backoff" type="xs:int" many="false"
              override="may">2</property>
    <property name="jca.retry.maxInterval" type="xs:string" many="false"
              override="may">120</property>
  </reference>
  <reference name="SaeEamWorkAttachmentPkDB"
             ui:wsdlLocation="SaeEamWorkAttachmentPkDB.wsdl">
    <interface.wsdl interface="http://xmlns.oracle.com/pcbpel/adapter/db/AppEbs/WorkService/SaeEamWorkAttachmentPkDB#wsdl.interface(SaeEamWorkAttachmentPkDB_ptt)"/>
    <binding.jca config="SaeEamWorkAttachmentPkDB_db.jca"/>
    <property name="jca.retry.count" type="xs:int" many="false" override="may">1</property>
    <property name="jca.retry.interval" type="xs:int" many="false"
              override="may">1</property>
    <property name="jca.retry.backoff" type="xs:int" many="false"
              override="may">2</property>
    <property name="jca.retry.maxInterval" type="xs:string" many="false"
              override="may">120</property>
  </reference>
  <wire>
    <source.uri>WorkService</source.uri>
    <target.uri>WorkServiceMed/WorkServiceMed</target.uri>
  </wire>
  <wire>
    <source.uri>WorkServiceMed/SetWorkServiceBpel.SetWorkService</source.uri>
    <target.uri>SetWorkServiceBpel/SetWorkService</target.uri>
  </wire>
  <wire>
    <source.uri>SetWorkServiceBpel/SaeEamWorkRequestPkDB</source.uri>
    <target.uri>SaeEamWorkRequestPkDB</target.uri>
  </wire>
  <wire>
    <source.uri>SetWorkServiceBpel/RegistraLogDB</source.uri>
    <target.uri>RegistraLogDB</target.uri>
  </wire>
  <wire>
    <source.uri>WorkServiceMed/SetWorkAttachmentBpel.setworkattachment</source.uri>
    <target.uri>SetWorkAttachmentBpel/setworkattachment</target.uri>
  </wire>
  <wire>
    <source.uri>SetWorkAttachmentBpel/SaeEamWorkAttachmentPkDB</source.uri>
    <target.uri>SaeEamWorkAttachmentPkDB</target.uri>
  </wire>
  <wire>
    <source.uri>SetWorkAttachmentBpel/RegistraLogDB</source.uri>
    <target.uri>RegistraLogDB</target.uri>
  </wire>
</composite>
