<?xml version = '1.0' encoding = 'UTF-8'?>
<customization xmlns="http://xmlns.oracle.com/jrad" version="9.0.6.0.0_55" xml:lang="en-US" customizes="/oracle/apps/pos/onboard/webui/ProspRegPG">
   <modifications>
      <modify element="DunsNum" rendered="false"/>
      <modify element="TaxpayerID" rendered="false"/>
      <modify element="TaxRegNum" prompt="CNPJ / CPF"/>
      <modify element="PageLayout" controllerClass="xxsae.oracle.apps.pos.onboard.webui.XXSAEProspRegPGCO"/>
      <move element="ContinueButton" after="BackButton"/>
      <move element="RegisterButton" after="ContinueButton"/>
   </modifications>
</customization>
