<?xml version="1.0"?>
<patch_metadata>
<patch_number>27431969</patch_number>
<product>xla</product>
<abstract><![CDATA[ACCOUNTING SEQUENCE AND NUMBER NOT ASSIGNED FOR OPM FINANCIALS]]></abstract>
<description><![CDATA[Accounting sequnce for Valuation method ledger not verified if the create
accounting run for Primary ledger]]></description>
<entity_abbreviation>xla</entity_abbreviation>
<release>R12</release>
<based_on><![CDATA[B]]></based_on>
<aru_update_date>NOV-05-2018 21:45:44</aru_update_date>
 <manual_steps>
  <steps_available>
   <step product="ad" location="patch/115/manualsteps" filename="ad_apply_patch.xml" 
    version="27431969:R12.XLA.B"   category="Apply The Patch">Apply patch 
   </step> 
  </steps_available>
 </manual_steps>
<introducing>
</introducing>
<requires>
</requires>
</patch_metadata>