<?xml version = '1.0' encoding = 'UTF-8'?>
<page xmlns:jrad="http://xmlns.oracle.com/jrad" xmlns:oa="http://xmlns.oracle.com/oa" xmlns:ui="http://xmlns.oracle.com/uix/ui" version="10.1.3_1086" xml:lang="en-US" xmlns:user="http://xmlns.oracle.com/jrad/user" xmlns="http://xmlns.oracle.com/jrad" file-version="$Header: BancadaComprovantePG.xml 121.3 2019/07/12 22:09:39 pravprak ship $">
   <content>
      <oa:pageLayout id="PageLayoutRN" controllerClass="xxsae.oracle.apps.xbol.bancadaPagamento.webui.BancadaComprovanteCO" amDefName="xxsae.oracle.apps.xbol.bancadaPagamento.server.BancadaComprovanteAM" windowTitle="Bancada de Comprovantes" title="Bancada de Comprovantes">
         <ui:corporateBranding>
            <oa:image id="corporateBrandingImage" source="/OA_MEDIA/FNDSSCORP.gif"/>
         </ui:corporateBranding>
         <ui:contents>
            <oa:query id="QueryRN" mode="autoCustomizationCriteria">
               <ui:contents>
                  <oa:table id="ResultsTable" width="100%">
                     <ui:contents>
                        <oa:messageStyledText id="CheckName" prompt="Núm. Pagto / Lote" styleClass="OraFieldText" viewName="BancadaComprovanteVO" viewAttr="CheckName" queryable="false"/>
                        <oa:messageStyledText id="CheckDate" viewName="BancadaComprovanteVO" viewAttr="CheckDate" dataType="DATE" styleClass="OraFieldText" prompt="Data do Pagamento"/>
                        <oa:attachmentImage id="Attach" prompt="Anexos" styleClass="OraFieldText" autoCommitEnabled="true" viewName="BancadaComprovanteVO">
                           <oa:entityMappings>
                              <oa:entityMap id="SAE_AP_BORDERO" entityId="SAE_AP_BORDERO">
                                 <oa:primaryKeys>
                                    <oa:primaryKey id="primaryKey1" viewAttr="CheckId"/>
                                 </oa:primaryKeys>
                              </oa:entityMap>
                           </oa:entityMappings>
                        </oa:attachmentImage>
                        <oa:formValue id="CheckId" dataType="NUMBER" viewName="BancadaComprovanteVO" viewAttr="CheckId"/>
                     </ui:contents>
                  </oa:table>
               </ui:contents>
               <oa:simpleSearchPanel>
                  <oa:header text="Pesquisa Simples" id="SimpleSearchHdr">
                     <ui:contents>
                        <oa:messageComponentLayout id="CustomSimpleSearch">
                           <ui:contents>
                              <oa:messageLovInput id="CheckNameSearch" queryable="false" prompt="Núm. Pagto / Lote" styleClass="OraFieldText" columns="50" externalListOfValues="/xxsae/oracle/apps/xbol/bancadaPagamento/lov/webui/LoteLovRN">
                                 <lovMappings>
                                    <lovMap id="ChackNameMap" lovItem="CheckName" criteriaFrom="CheckNameSearch" resultTo="CheckNameSearch"/>
                                 </lovMappings>
                              </oa:messageLovInput>
                              <oa:messageTextInput id="InitialDateSearch" dataType="DATE" prompt="Data Inicial" queryable="false" styleClass="OraFieldText"/>
                              <oa:messageTextInput id="FinalDateSearch" dataType="DATE" prompt="Data Final" queryable="false" styleClass="OraFieldText"/>
                           </ui:contents>
                        </oa:messageComponentLayout>
                     </ui:contents>
                  </oa:header>
               </oa:simpleSearchPanel>
               <oa:simpleSearchMappings>
                  <oa:queryCriteriaMap id="CkeckNameCriteriaMap" criteriaItem="CheckNameSearch" resultsItem="CheckName"/>
               </oa:simpleSearchMappings>
            </oa:query>
         </ui:contents>
      </oa:pageLayout>
   </content>
</page>
