<?xml version = '1.0' encoding = 'UTF-8'?>
<page xmlns:jrad="http://xmlns.oracle.com/jrad" xmlns:oa="http://xmlns.oracle.com/oa" xmlns:ui="http://xmlns.oracle.com/uix/ui" version="10.1.3_1086" xml:lang="en-US" xmlns:user="http://xmlns.oracle.com/jrad/user" xmlns="http://xmlns.oracle.com/jrad" file-version="$Header: BancadaAnexosPG.xml 121.4 2019/11/18 12:00:00 pravprak ship $">
   <content>
      <oa:pageLayout id="PageLayoutRN" amDefName="xxsae.oracle.apps.xbol.bancadaPagamento.server.BancadaComprovanteAM" windowTitle="Bancada de Pagamentos - Anexos" title="Bancada de Pagamentos - Anexos" controllerClass="xxsae.oracle.apps.xbol.bancadaPagamento.webui.BancadaAnexosCO">
         <ui:corporateBranding>
            <oa:image id="corporateBrandingImage" source="/OA_MEDIA/FNDSSCORP.gif"/>
         </ui:corporateBranding>
         <ui:contents>
            <oa:pageButtonBar id="PageButtons">
               <ui:contents>
                  <oa:submitButton id="Voltar" text="Voltar" prompt="Voltar"/>
               </ui:contents>
            </oa:pageButtonBar>
            <oa:messageComponentLayout id="MainRN" width="100%" rows="4" columns="2" promptWidth="30%" fieldWidth="70%">
               <ui:contents>
                  <oa:messageTextInput id="Fornecedor" prompt="Fornecedor" styleClass="OraDataText" readOnly="true"/>
                  <oa:messageTextInput id="NumRi" prompt="Núm. RI" styleClass="OraDataText" readOnly="true"/>
                  <oa:messageTextInput id="Parcela" prompt="Parcela" styleClass="OraDataText" readOnly="true"/>
                  <oa:messageTextInput id="Descricao" prompt="Descrição" styleClass="OraDataText" readOnly="true"/>
                  <oa:messageTextInput id="NumNf" prompt="Núm. Título" styleClass="OraDataText" readOnly="true"/>
                  <oa:messageTextInput id="NumRnc" prompt="Núm. RNC" styleClass="OraDataText" readOnly="true"/>
                  <oa:messageTextInput id="ValorDocumento" dataType="VARCHAR2" prompt="Valor" styleClass="OraDataText" readOnly="true"/>
               </ui:contents>
            </oa:messageComponentLayout>
            <oa:formValue id="InvoiceId" dataType="NUMBER" prompt="InvoiceId" viewName="BancadaAnexosVO" viewAttr="InvoiceId"/>
            <oa:attachmentTable id="Anexos" text="Anexos da Bancada de Pagamento" viewName="BancadaAnexosVO" enableDocumentCatalog="false" autoCommitEnabled="true">
               <oa:entityMappings>
                  <oa:entityMap id="SAE_AP_BORDERO" entityId="SAE_AP_BORDERO">
                     <oa:primaryKeys>
                        <oa:primaryKey id="primaryKey1" viewAttr="InvoiceId"/>
                     </oa:primaryKeys>
                  </oa:entityMap>
               </oa:entityMappings>
            </oa:attachmentTable>
         </ui:contents>
      </oa:pageLayout>
   </content>
</page>
