<?xml version = '1.0' encoding = 'UTF-8'?>
<page xmlns:jrad="http://xmlns.oracle.com/jrad" xmlns:oa="http://xmlns.oracle.com/oa" xmlns:ui="http://xmlns.oracle.com/uix/ui" version="10.1.3_1086" xml:lang="en-US" xmlns:user="http://xmlns.oracle.com/jrad/user" xmlns="http://xmlns.oracle.com/jrad" file-version="$Header: BancadaPagamentoPG.xml 121.6 2019/11/08 12:00:00 pravprak ship $">
   <content>
      <oa:pageLayout id="PageLayoutRN" amDefName="xxsae.oracle.apps.xbol.bancadaPagamento.server.BancadaComprovanteAM" windowTitle="Bancada de Pagamentos" title="Bancada de Pagamentos" controllerClass="xxsae.oracle.apps.xbol.bancadaPagamento.webui.BancadaPagamentoCO">
         <ui:corporateBranding>
            <oa:image id="corporateBrandingImage" source="/OA_MEDIA/FNDSSCORP.gif"/>
         </ui:corporateBranding>
         <ui:contents>
            <oa:header id="DownloadRN" text="Download DANFE" styleClass="OraBGAccentMedium">
               <ui:contents>
                  <oa:messageTextInput id="Note" styleClass="OraErrorNameText"/>
                  <oa:submitButton id="Danfe" text="Download DANFE" prompt="Download DANFE">
                     <ui:primaryClientAction>
                        <ui:fireAction event="danfe" id="fireAction2"/>
                     </ui:primaryClientAction>
                  </oa:submitButton>
               </ui:contents>
            </oa:header>
            <oa:query id="QueryRN" mode="autoCustomizationCriteria">
               <ui:contents>
                  <oa:table id="ResultsTable" width="100%">
                     <ui:contents>
                        <oa:messageCheckBox id="Selecionar" text="Selecionar" prompt="Selecionar" styleClass="OraFieldText" viewName="BancadaPagamentoVO" viewAttr="Selecionar" defaultValue="N" checkedValue="Y" unCheckedValue="N"/>
                        <oa:messageStyledText id="Empresa" viewName="BancadaPagamentoVO" viewAttr="Empresa" prompt="Empresa" styleClass="OraFieldText"/>
                        <oa:messageStyledText id="Origem" viewName="BancadaPagamentoVO" viewAttr="Origem" prompt="Origem" styleClass="OraFieldText"/>
                        <oa:messageStyledText id="Tipo" viewName="BancadaPagamentoVO" viewAttr="Tipo" prompt="Tipo" styleClass="OraFieldText"/>
                        <oa:messageStyledText id="Fornecedor" viewName="BancadaPagamentoVO" viewAttr="Fornecedor" prompt="Fornecedor" styleClass="OraFieldText"/>
                        <oa:messageStyledText id="Cnpj" viewName="BancadaPagamentoVO" viewAttr="Cnpj" prompt="CNPJ" styleClass="OraFieldText"/>
                        <oa:messageLovInput id="DadosBancarios" viewName="BancadaPagamentoVO" viewAttr="DadosBancarios" prompt="Dados Bancários" styleClass="OraFieldText" externalListOfValues="/xxsae/oracle/apps/xbol/bancadaPagamento/lov/webui/DadosBancariosLovRN">
                           <lovMappings>
                              <lovMap id="NomeBancoMap" lovItem="NomeBanco" resultTo="DadosBancarios" criteriaFrom="DadosBancarios"/>
                              <lovMap id="IdBancoMap" lovItem="IdBanco" resultTo="ExternalBankAccountId"/>
                           </lovMappings>
                        </oa:messageLovInput>
                        <oa:messageStyledText id="NumRi" viewName="BancadaPagamentoVO" viewAttr="NumRi" prompt="Núm. RI" styleClass="OraFieldText"/>
                        <oa:messageStyledText id="NumNf" viewName="BancadaPagamentoVO" viewAttr="NumeroNf" prompt="Núm. Título" styleClass="OraFieldText"/>
                        <oa:messageStyledText id="NumRnc" viewName="BancadaPagamentoVO" viewAttr="NumRnc" prompt="Núm. RNC" styleClass="OraFieldText"/>
                        <oa:messageStyledText id="Parcela" viewName="BancadaPagamentoVO" viewAttr="Parcela" prompt="Parcela" styleClass="OraFieldText"/>
                        <oa:messageTextInput id="Vencimento" dataType="DATE" viewName="BancadaPagamentoVO" viewAttr="Vencimento" prompt="Vencimento" styleClass="OraFieldText"/>
                        <oa:messageStyledText id="ValorDocumento" dataType="VARCHAR2" viewName="BancadaPagamentoVO" viewAttr="ValorDocumento" prompt="Valor" styleClass="OraFieldText"/>
                        <oa:messageStyledText id="ValorAdiantamento" dataType="VARCHAR2" viewName="BancadaPagamentoVO" viewAttr="ValorAdiantamento" prompt="Valor Adto" styleClass="OraFieldText"/>
                        <oa:messageStyledText id="VlrImpostoDeducoes" dataType="VARCHAR2" viewName="BancadaPagamentoVO" viewAttr="VlrImpostoEDeducoes" prompt="Valor Impostos e Deduções" styleClass="OraFieldText"/>
                        <oa:messageStyledText id="CodImposto" viewName="BancadaPagamentoVO" viewAttr="CodImposto" prompt="Cód. Imposto" styleClass="OraFieldText"/>
                        <oa:messageStyledText id="RetContratual" viewName="BancadaPagamentoVO" viewAttr="RetencaoCont" prompt="Ret. Contratual" styleClass="OraFieldText" dataType="VARCHAR2"/>
                        <oa:messageStyledText id="SaldoParcela" viewName="BancadaPagamentoVO" viewAttr="SaldoParcela" prompt="Saldo Parc." styleClass="OraFieldText"/>
                        <oa:messageStyledText id="TipoFornecedor" viewName="BancadaPagamentoVO" viewAttr="TipoDeFornecedor" prompt="Tipo Fornecedor" styleClass="OraFieldText"/>
                        <oa:messageTextInput id="Prioridade" viewName="BancadaPagamentoVO" viewAttr="Prioridade" prompt="Prioridade" styleClass="OraFieldText" dataType="NUMBER" columns="7"/>
                        <oa:messageStyledText id="Retencao" viewName="BancadaPagamentoVO" viewAttr="Retencao" prompt="Retenção" styleClass="OraFieldText"/>
                        <oa:messageLovInput id="Motivo" viewName="BancadaPagamentoVO" viewAttr="Motivo" prompt="Motivo" styleClass="OraFieldText" externalListOfValues="/xxsae/oracle/apps/xbol/bancadaPagamento/lov/webui/RetencaoLovRN">
                           <lovMappings>
                              <lovMap id="RetencaoMap" lovItem="Retencao" resultTo="Motivo" criteriaFrom="Motivo"/>
                              <lovMap id="CodMotivoMap" lovItem="CodRetencao" resultTo="HoldCode"/>
                           </lovMappings>
                        </oa:messageLovInput>
                        <oa:messageStyledText id="StatusPagamento" viewName="BancadaPagamentoVO" viewAttr="Status" prompt="Status Pagto" styleClass="OraFieldText"/>
                        <oa:messageStyledText id="MetodoPagamento" viewName="BancadaPagamentoVO" viewAttr="MetodoPagamento" prompt="Método Pagto" styleClass="OraFieldText"/>
                        <oa:messageStyledText id="GrupoPagamento" viewName="BancadaPagamentoVO" viewAttr="GrupoDePgto" prompt="Grupo Pagto" styleClass="OraFieldText"/>
                        <oa:messageStyledText id="ContaContabil" viewName="BancadaPagamentoVO" viewAttr="ContaContabil" prompt="Conta Contábil" styleClass="OraFieldText"/>
                        <oa:messageStyledText id="Descricao" viewName="BancadaPagamentoVO" viewAttr="Descricao" prompt="Descrição" styleClass="OraFieldText"/>
                        <oa:messageStyledText id="LoteNumPagto" viewName="BancadaPagamentoVO" viewAttr="LoteNumPagto" prompt="Lote / Núm. Pagto" styleClass="OraFieldText"/>
                        <oa:link id="DANFE" text="DANFE" viewName="BancadaPagamentoVO" viewAttr="ReportName" serverUnvalidated="true">
                           <ui:primaryClientAction>
                              <ui:fireAction event="executeDanfe" id="fireAction1" unvalidated="true">
                                 <ui:parameters>
                                    <ui:parameter key="pInvoiceId" value="${oa.BancadaPagamentoVO.InvoiceId}"/>
                                 </ui:parameters>
                              </ui:fireAction>
                           </ui:primaryClientAction>
                        </oa:link>
                        <oa:link id="Boleto" destination="" text="Boleto" viewName="BancadaPagamentoVO" viewAttr="FileName" serverUnvalidated="true">
                           <ui:primaryClientAction>
                              <ui:fireAction event="returnUrl" unvalidated="true">
                                 <ui:parameters>
                                    <ui:parameter key="pInvoiceId" value="${oa.BancadaPagamentoVO.InvoiceId}"/>
                                 </ui:parameters>
                              </ui:fireAction>
                           </ui:primaryClientAction>
                        </oa:link>
                        <oa:attachmentImage id="Attach" prompt="Anexos" styleClass="OraFieldText" autoCommitEnabled="true" viewName="BancadaPagamentoVO" enableDocumentCatalog="false" rendered="false">
                           <oa:entityMappings>
                              <oa:entityMap id="SAE_AP_BORDERO" entityId="SAE_AP_BORDERO" insertAllowed="true" updateAllowed="true" deleteAllowed="true" showAll="false">
                                 <oa:primaryKeys>
                                    <oa:primaryKey id="primaryKey1" viewAttr="CheckId"/>
                                 </oa:primaryKeys>
                              </oa:entityMap>
                           </oa:entityMappings>
                        </oa:attachmentImage>
                        <oa:image id="Anexo" prompt="Anexos" source="attachments_enabled.gif">
                           <ui:primaryClientAction>
                              <ui:fireAction event="attachment">
                                 <ui:parameters>
                                    <ui:parameter key="pInvoiceId" value="${oa.BancadaPagamentoVO.InvoiceId}"/>
                                    <ui:parameter key="pFornecedor" value="${oa.BancadaPagamentoVO.Fornecedor}"/>
                                    <ui:parameter key="pNumRi" value="${oa.BancadaPagamentoVO.NumRi}"/>
                                    <ui:parameter key="pNumeroNf" value="${oa.BancadaPagamentoVO.NumeroNf}"/>
                                    <ui:parameter key="pNumRnc" value="${oa.BancadaPagamentoVO.NumRnc}"/>
                                    <ui:parameter key="pParcela" value="${oa.BancadaPagamentoVO.Parcela}"/>
                                    <ui:parameter key="pValorDocumento" value="${oa.BancadaPagamentoVO.ValorDocumento}"/>
                                    <ui:parameter key="pDescricao" value="${oa.BancadaPagamentoVO.Descricao}"/>
                                 </ui:parameters>
                              </ui:fireAction>
                           </ui:primaryClientAction>
                        </oa:image>
                        <oa:formValue id="CheckId" dataType="NUMBER" viewName="BancadaPagamentoVO" viewAttr="CheckId"/>
                        <oa:formValue id="InvoiceId" dataType="NUMBER" viewName="BancadaPagamentoVO" viewAttr="InvoiceId"/>
                        <oa:formValue id="InvoiceDate" dataType="DATE" viewName="BancadaPagamentoVO" viewAttr="InvoiceDate"/>
                        <oa:formValue id="InvoiceCurrencyCode" dataType="VARCHAR2" viewName="BancadaPagamentoVO" viewAttr="InvoiceCurrencyCode"/>
                        <oa:formValue id="VendorId" dataType="NUMBER" viewName="BancadaPagamentoVO" viewAttr="VendorId"/>
                        <oa:formValue id="VendorSiteId" dataType="NUMBER" viewName="BancadaPagamentoVO" viewAttr="VendorSiteId"/>
                        <oa:formValue id="OrgId" dataType="NUMBER" viewName="BancadaPagamentoVO" viewAttr="OrgId"/>
                        <oa:formValue id="PartyId" dataType="NUMBER" viewName="BancadaPagamentoVO" viewAttr="PartyId"/>
                        <oa:formValue id="PartySiteId" dataType="NUMBER" viewName="BancadaPagamentoVO" viewAttr="PartySiteId"/>
                        <oa:formValue id="ExternalBankAccountId" dataType="NUMBER" viewName="BancadaPagamentoVO" viewAttr="ExternalBankAccountId"/>
                        <oa:formValue id="HoldCode" dataType="VARCHAR2" viewName="BancadaPagamentoVO" viewAttr="HoldCode"/>
                        <oa:formValue id="HoldId" dataType="VARCHAR2" viewName="BancadaPagamentoVO" viewAttr="HoldId"/>
                        <oa:formValue id="PaymentNum" dataType="NUMBER" viewName="BancadaPagamentoVO" viewAttr="PaymentNum"/>
                     </ui:contents>
                     <ui:tableActions>
                        <oa:flowLayout id="ButtonLayout">
                           <ui:contents>
                              <oa:submitButton id="Salvar" text="Salvar" prompt="Salvar">
                                 <ui:primaryClientAction>
                                    <ui:fireAction event="salvar"/>
                                 </ui:primaryClientAction>
                              </oa:submitButton>
                           </ui:contents>
                        </oa:flowLayout>
                     </ui:tableActions>
                  </oa:table>
               </ui:contents>
               <oa:simpleSearchPanel>
                  <oa:header text="Pesquisa Simples" id="SimpleSearchHdr">
                     <ui:contents>
                        <oa:messageComponentLayout id="CustomSimpleSearch" columns="2" rows="4">
                           <ui:contents>
                              <oa:messageLovInput id="FornecedorSearch" queryable="false" prompt="Fornecedor" styleClass="OraFieldText" columns="50" externalListOfValues="/xxsae/oracle/apps/xbol/bancadaPagamento/lov/webui/FornecedorLovRN">
                                 <lovMappings>
                                    <lovMap id="FornecedorMap" lovItem="Fornecedor" criteriaFrom="FornecedorSearch" resultTo="FornecedorSearch"/>
                                 </lovMappings>
                              </oa:messageLovInput>
                              <oa:messageLovInput id="CnpjSearch" queryable="false" prompt="CNPJ" styleClass="OraFieldText" columns="20" externalListOfValues="/xxsae/oracle/apps/xbol/bancadaPagamento/lov/webui/CnpjLovRN">
                                 <lovMappings>
                                    <lovMap id="CnpjMap" lovItem="Cnpj" criteriaFrom="CnpjSearch" resultTo="CnpjSearch"/>
                                 </lovMappings>
                              </oa:messageLovInput>
                              <oa:messageLovInput id="NumNfSearch" queryable="false" prompt="Núm. Título" styleClass="OraFieldText" columns="20" externalListOfValues="/xxsae/oracle/apps/xbol/bancadaPagamento/lov/webui/NumNfLovRN">
                                 <lovMappings>
                                    <lovMap id="NumNfMap" lovItem="NumNF" criteriaFrom="NumNfSearch" resultTo="NumNfSearch"/>
                                 </lovMappings>
                              </oa:messageLovInput>
                              <oa:messageTextInput id="InitialDateSearch" dataType="DATE" prompt="Data Inicial" queryable="false" styleClass="OraFieldText"/>
                              <oa:messageTextInput id="FinalDateSearch" dataType="DATE" prompt="Data Final" queryable="false" styleClass="OraFieldText"/>
                              <oa:messageLovInput id="NumRiSearch" queryable="false" prompt="Núm. RI" styleClass="OraFieldText" columns="20" externalListOfValues="/xxsae/oracle/apps/xbol/bancadaPagamento/lov/webui/NumRiLovRN">
                                 <lovMappings>
                                    <lovMap id="NumRiMap" lovItem="NumRI" criteriaFrom="NumRiSearch" resultTo="NumRiSearch"/>
                                 </lovMappings>
                              </oa:messageLovInput>
                              <oa:messageLovInput id="LoteNumPagtoSearch" queryable="false" prompt="Lote / Núm. Pagto" styleClass="OraFieldText" columns="40" externalListOfValues="/xxsae/oracle/apps/xbol/bancadaPagamento/lov/webui/LoteLovRN">
                                 <lovMappings>
                                    <lovMap id="LoteNumPagtoMap" lovItem="CheckName" criteriaFrom="LoteNumPagtoSearch" resultTo="LoteNumPagtoSearch"/>
                                 </lovMappings>
                              </oa:messageLovInput>
                              <oa:messageLovInput id="StatusPagtoSearch" externalListOfValues="/xxsae/oracle/apps/xbol/bancadaPagamento/lov/webui/StatusPagtoLovRN" prompt="Status Pagto" styleClass="OraFieldText" columns="20">
                                 <lovMappings>
                                    <lovMap id="StatusPagtoMap" lovItem="StatusPagamento" resultTo="StatusPagtoSearch" criteriaFrom="StatusPagtoSearch"/>
                                 </lovMappings>
                              </oa:messageLovInput>
                              <oa:messageLovInput id="PrioridadeSearch" externalListOfValues="/xxsae/oracle/apps/xbol/bancadaPagamento/lov/webui/PrioridadePagamentoLovRN" prompt="Prioridade de Pagamento" styleClass="OraFieldText" columns="5">
                                 <lovMappings>
                                    <lovMap id="PrioridadeMap" lovItem="PrioridadePagamento" resultTo="PrioridadeSearch" criteriaFrom="PrioridadeSearch"/>
                                 </lovMappings>
                              </oa:messageLovInput>
                           </ui:contents>
                        </oa:messageComponentLayout>
                     </ui:contents>
                  </oa:header>
               </oa:simpleSearchPanel>
               <oa:simpleSearchMappings>
                  <oa:queryCriteriaMap id="FornecedorCriteriaMap" criteriaItem="FornecedorSearch" resultsItem="Fornecedor"/>
                  <oa:queryCriteriaMap id="CnpjCriteriaMap" criteriaItem="CnpjSearch" resultsItem="Cnpj"/>
                  <oa:queryCriteriaMap id="NumNfCriteriaMap" criteriaItem="NumNfSearch" resultsItem="NumNf"/>
                  <oa:queryCriteriaMap id="NumRiCriteriaMap" criteriaItem="NumRiSearch" resultsItem="NumRi"/>
                  <oa:queryCriteriaMap id="LoteNumPagtoCriteriaMap" criteriaItem="LoteNumPagtoSearch" resultsItem="LoteNumPagto"/>
                  <oa:queryCriteriaMap id="StatusPagtoCriteriaMap" criteriaItem="StatusPagtoSearch" resultsItem="StatusPagamento"/>
                  <oa:queryCriteriaMap id="PrioridadeCriteriaMap" criteriaItem="PrioridadeSearch" resultsItem="Prioridade"/>
               </oa:simpleSearchMappings>
            </oa:query>
         </ui:contents>
      </oa:pageLayout>
   </content>
</page>
