<?xml version = '1.0' encoding = 'UTF-8'?>
<oa:listOfValues version="10.1.3_1086" xml:lang="en-US" xmlns:oa="http://xmlns.oracle.com/oa" xmlns:jrad="http://xmlns.oracle.com/jrad" xmlns:ui="http://xmlns.oracle.com/uix/ui" xmlns:user="http://xmlns.oracle.com/jrad/user" xmlns="http://xmlns.oracle.com/jrad" file-version="$Header: DadosBancariosLovRN.xml 121.2 2019/07/12 22:09:39 pravprak ship $" scope="/" amDefName="xxsae.oracle.apps.xbol.bancadaPagamento.lov.server.BancadaComprovanteLovAM" controllerClass="xxsae.oracle.apps.xbol.bancadaPagamento.lov.webui.DadosBancariosLovCO">
   <ui:contents>
      <oa:table name="LoteLovRN" id="DadosBancariosLovVO">
         <ui:contents>
            <oa:messageStyledText id="NomeBanco" dataType="VARCHAR2" prompt="Dado Bancário" viewName="DadosBancariosLovVO" viewAttr="BankAccountName" maximumLength="255" queryable="true" styleClass="OraFieldText"/>
            <oa:formValue id="IdBanco" viewName="DadosBancariosLovVO" viewAttr="BankAccountId" prompt="ID Banco"/>
         </ui:contents>
      </oa:table>
   </ui:contents>
</oa:listOfValues>
