<?xml version = '1.0' encoding = 'UTF-8'?>
<oa:listOfValues version="10.1.3_1086" xml:lang="en-US" xmlns:oa="http://xmlns.oracle.com/oa" xmlns:jrad="http://xmlns.oracle.com/jrad" xmlns:ui="http://xmlns.oracle.com/uix/ui" xmlns:user="http://xmlns.oracle.com/jrad/user" xmlns="http://xmlns.oracle.com/jrad" file-version="$Header: FornecedorLovRN.xml 121.2 2019/07/12 22:09:39 pravprak ship $" scope="/" amDefName="xxsae.oracle.apps.xbol.bancadaPagamento.lov.server.BancadaComprovanteLovAM">
   <ui:contents>
      <oa:table name="LoteLovRN" id="FornecedorLovVO">
         <ui:contents>
            <oa:messageStyledText id="Fornecedor" dataType="VARCHAR2" prompt="Fornecedor" viewName="FornecedorLovVO" viewAttr="VendorName" maximumLength="255" queryable="true" styleClass="OraFieldText"/>
            <oa:messageStyledText id="Cnpj" dataType="VARCHAR2" prompt="CNPJ" viewName="FornecedorLovVO" viewAttr="Cnpj" maximumLength="255" queryable="true" styleClass="OraFieldText"/>
         </ui:contents>
      </oa:table>
   </ui:contents>
</oa:listOfValues>
