<?xml version = '1.0' encoding = 'UTF-8'?>
<oa:listOfValues version="10.1.3_1086" xml:lang="en-US" xmlns:oa="http://xmlns.oracle.com/oa" xmlns:jrad="http://xmlns.oracle.com/jrad" xmlns:ui="http://xmlns.oracle.com/uix/ui" xmlns:user="http://xmlns.oracle.com/jrad/user" xmlns="http://xmlns.oracle.com/jrad" file-version="$Header: RetencaoLovRN.xml 121.2 2019/07/12 22:09:39 pravprak ship $" scope="/" amDefName="xxsae.oracle.apps.xbol.bancadaPagamento.lov.server.BancadaComprovanteLovAM">
   <ui:contents>
      <oa:table name="LoteLovRN" id="RetencaoLovVO">
         <ui:contents>
            <oa:messageStyledText id="Retencao" dataType="VARCHAR2" prompt="Retenção" viewName="RetencaoLovVO" viewAttr="Meaning" maximumLength="255" queryable="true" styleClass="OraFieldText"/>
            <oa:messageStyledText id="Descricao" dataType="VARCHAR2" prompt="Descrição" viewName="RetencaoLovVO" viewAttr="Description" maximumLength="255" queryable="true" styleClass="OraFieldText"/>
            <oa:formValue id="CodRetencao" dataType="VARCHAR2" prompt="Cód. Retenção" viewName="RetencaoLovVO" viewAttr="LookupCode" queryable="false"/>
         </ui:contents>
      </oa:table>
   </ui:contents>
</oa:listOfValues>
