<?xml version = '1.0' encoding = 'UTF-8'?>
<!-- $Header: XLAAPRPT.xml 120.2.12010000.4 2009/12/02 12:11:48 vgopiset noship $ -->
<!-- dbdrv: exec java oracle/apps/xdo/oa/util XDOLoader.class java &phase=dat checkfile:~PROD:patch/115/publisher/defs:XLAAPRPT.xml UPLOAD -DB_USERNAME &un_apps -DB_PASSWORD &pw_apps -JDBC_CONNECTION &jdbc_db_addr -LOB_TYPE DATA_TEMPLATE -APPS_SHORT_NAME ~PROD -LOB_CODE XLAAPRPT -LANGUAGE 00 -XDO_FILE_TYPE XML-DATA-TEMPLATE -FILE_NAME &fullpath:~PROD:patch/115/publisher/defs:XLAAPRPT.xml -->
<!-- dbdrv: exec java oracle/apps/xdo/oa/util XDOLoader.class java &phase=dat checkfile:~PROD:patch/115/publisher/defs:XLAAPRPT.xml UPLOAD -DB_USERNAME &un_apps -DB_PASSWORD &pw_apps -JDBC_CONNECTION &jdbc_db_addr -LOB_TYPE DATA_TEMPLATE -APPS_SHORT_NAME SQLAP -LOB_CODE APXNVBAL -LANGUAGE 00 -XDO_FILE_TYPE XML-DATA-TEMPLATE -FILE_NAME &fullpath:~PROD:patch/115/publisher/defs:XLAAPRPT.xml -->
<!-- dbdrv: exec java oracle/apps/xdo/oa/util XDOLoader.class java &phase=dat checkfile:~PROD:patch/115/publisher/defs:XLAAPRPT.xml UPLOAD -DB_USERNAME &un_apps -DB_PASSWORD &pw_apps -JDBC_CONNECTION &jdbc_db_addr -LOB_TYPE DATA_TEMPLATE -APPS_SHORT_NAME SQLAP -LOB_CODE APTBRPT -LANGUAGE 00 -XDO_FILE_TYPE XML-DATA-TEMPLATE -FILE_NAME &fullpath:~PROD:patch/115/publisher/defs:XLAAPRPT.xml -->
<!-- GSCC_Category="Xdo Data Definition" -->
<dataTemplate name="XLAAPRPT" defaultPackage="XLA_TB_AP_REPORT_PVT" version="1.0">
        <properties>
               <property name="scalable_mode" value="on" /> 
        </properties>
<properties><property name="debug_mode" value="on" /></properties>
<properties>
  <property name="db_fetch_size" value="20" />
</properties> 

	<parameters>
		<parameter name="P_DEFINITION_CODE" dataType="character"/>
		<parameter name="P_JOURNAL_SOURCE" dataType="character"/>		
		<parameter name="P_START_DATE" dataType="date"/>
		<parameter name="P_AS_OF_DATE" dataType="date"/>
		<parameter name="P_THIRD_PARTY_ID" dataType="character"/>
		<parameter name="P_SHOW_TRX_DETAIL_FLAG" dataType="character"/>
		<parameter name="P_INCL_WRITE_OFF_FLAG" dataType="character"/>
		<parameter name="P_COA_ID" dataType="number"/>
		<parameter name="P_ACCOUNT_FROM" dataType="character"/>
		<parameter name="P_ACCOUNT_TO" dataType="character"/>
		<parameter name="P_ACCT_BALANCE" dataType="character"/>
		<parameter name="P_SECURITY_FLAG" dataType="character"/>
		<parameter name="P_VALUATION_METHOD" dataType="character"/>
		<parameter name="P_SECURITY_ID_INT_1" dataType="character"/>
		<parameter name="P_SECURITY_ID_CHAR_1" dataType="character"/>
		<parameter name="P_CUSTOM_PARAM_1" dataType="character"/>
		<parameter name="P_CUSTOM_PARAM_2" dataType="character"/>
		<parameter name="P_CUSTOM_PARAM_3" dataType="character"/>
		<parameter name="P_INCLUDE_SLA_MANUALS_UNPOSTED" dataType="character"/>
                <parameter name="P_INC_SLA_MANUALS_UNPOSTED" dataType="character"/>
		<parameter name="P_REPORT" dataType="character" defaultValue="D"/>
                <parameter name="P_REPORT_STYLE" dataType="character"/>
	</parameters>
	<dataQuery>
		<sqlStatement name="Q_PARAM">
			<![CDATA[
               SELECT :P_REPORT_DEFINITION_DSP    REPORT_DEFINITION
                     ,:P_JOURNAL_SOURCE_DSP       JOURNAL_SOURCE
                     ,to_char(:P_START_DATE               
							,'YYYY-MM-DD')		  START_DATE
                     ,to_char(:P_AS_OF_DATE               
							,'YYYY-MM-DD')		  AS_OF_DATE
                     ,:P_THIRD_PARTY_NAME         THIRD_PARTY_NAME
                     ,:P_SHOW_TRX_DETAIL_DSP      SHOW_APPLIED_TRX_DETAIL
                     ,:P_INCL_WRITE_OFF_DSP       INCLUDE_WRITE_OFF 
                     ,:P_ACCOUNT_FROM             ACCOUNT_FROM
                     ,:P_ACCOUNT_TO               ACCOUNT_TO
		     ,:P_ACCT_BALANCE_DSP         ACCOUNT_BALANCE  
		     ,:P_REPORT_MODE_DSP          REPORT_MODE
                 FROM dual]]>
	 	</sqlStatement>
	 	<sqlStatement name="Q_RUN_SUMMARY_REPORT">
			<![CDATA[
				SELECT 'Y' L_RUN_SUMMARY_REPORT
       	      			FROM DUAL 
	      			WHERE :P_REPORT = 'S']]>
			
		</sqlStatement>
		<sqlStatement name="Q_RUN_DETAIL_REPORT">
			<![CDATA[
              			SELECT 'Y' L_RUN_DETAIL_REPORT
              			FROM DUAL 
				WHERE NVL(:P_REPORT,'D') = 'D'
				 ]]>			
		</sqlStatement>
		<sqlStatement name="Q_SELECT">
			<![CDATA[
				&P_SQL_STATEMENT
				AND :L_RUN_DETAIL_REPORT = 'Y']]>
		</sqlStatement>
		<sqlStatement name="Q_APPLIED_SELECT">
			<![CDATA[
				&P_APP_SQL_STATEMENT 
				AND :L_RUN_DETAIL_REPORT = 'Y' ]]>
		</sqlStatement>	
		<sqlStatement name="Q_SUMMARY_SELECT">
			<![CDATA[
               			&P_SUMMARY_SQL_STATEMENT
			   	AND :L_RUN_SUMMARY_REPORT = 'Y' ]]> 
		</sqlStatement>
	</dataQuery>
	<dataTrigger name="beforeReport" source="xla_tb_ap_report_pvt.before_report"/>
	<dataStructure>
		<group name="G_PARAM" source="Q_PARAM">
			<element name="REPORT_DEFINITION" value="REPORT_DEFINITION"/>		
			<element name="JOURNAL_SOURCE" value="JOURNAL_SOURCE"/>
			<element name="START_DATE" value="START_DATE"/>
			<element name="AS_OF_DATE" value="AS_OF_DATE"/>
			<element name="THIRD_PARTY_NAME" value="THIRD_PARTY_NAME"/>
			<element name="SHOW_APPLIED_TRX_DETAIL" value="SHOW_APPLIED_TRX_DETAIL"/>
			<element name="INCLUDE_WRITE_OFF" value="INCLUDE_WRITE_OFF"/>
			<element name="ACCOUNT_FROM" value="ACCOUNT_FROM"/>
			<element name="ACCOUNT_TO" value="ACCOUNT_TO"/>
			<element name="ACCOUNT_BALANCE" value="ACCOUNT_BALANCE"/>
			<element name="REPORT_MODE" value="REPORT_MODE"/>
		</group>
		<group name="G_RUN_SUMMARY_REPORT" source="Q_RUN_SUMMARY_REPORT">
			<element name="L_RUN_SUMMARY_REPORT" value="L_RUN_SUMMARY_REPORT"/>
			<group name="G_SUMMARY_DATA" source="Q_SUMMARY_SELECT">
				<element name="ACCOUNT" value="ACCOUNT"/>
				<element name="GL_BALANCE" value="GL_BALANCE"/>
				<element name="CODE_COMBINATION_ID" value="CODE_COMBINATION_ID"/>
				<element name="BALANCING_SEGMENT_VALUE" value="BALANCING_SEGMENT_VALUE"/>
				<element name="BALANCING_SEGMENT_DESC" value="BALANCING_SEGMENT_DESC"/>
				<element name="NATURAL_ACCOUNT_SEGMENT_VALUE" value="NATURAL_ACCOUNT_SEGMENT_VALUE"/>
				<element name="NATURAL_ACCOUNT_SEGMENT_DESC" value="NATURAL_ACCOUNT_SEGMENT_DESC"/>
				<element name="COST_CENTER_SEGMENT_VALUE" value="COST_CENTER_SEGMENT_VALUE"/>
				<element name="COST_CENTER_SEGMENT_DESCR" value="COST_CENTER_SEGMENT_DESCR"/>
				<element name="MANAGEMENT_SEGMENT_VALUE" value="MANAGEMENT_SEGMENT_VALUE"/>
				<element name="MANAGEMENT_SEGMENT_DESC" value="MANAGEMENT_SEGMENT_DESC"/>
				<element name="INTERCOMPANY_SEGMENT_VALUE" value="INTERCOMPANY_SEGMENT_VALUE"/>
				<element name="INTERCOMPANY_SEGMENT_DESC" value="INTERCOMPANY_SEGMENT_DESC"/>
				<element name="LEDGER_ID" value="LEDGER_ID"/>
				<element name="LEDGER_NAME" value="LEDGER_NAME"/>
				<element name="LEDGER_SHORT_NAME" value="LEDGER_SHORT_NAME"/>
				<element name="LEDGER_CURRENCY_CODE" value="LEDGER_CURRENCY_CODE"/>
				<element name="THIRD_PARTY_NAME" value="THIRD_PARTY_NAME"/>
				<element name="THIRD_PARTY_NUMBER" value="THIRD_PARTY_NUMBER"/>
				<element name="THIRD_PARTY_TYPE" value="THIRD_PARTY_TYPE"/>
				<element name="THIRD_PARTY_TYPE_CODE" value="THIRD_PARTY_TYPE_CODE"/>
				<element name="THIRD_PARTY_SITE_NAME" value="THIRD_PARTY_SITE_NAME"/>
				<element name="SOURCE_TRX_APPLICATION_ID" value="SOURCE_TRX_APPLICATION_ID"/>
				<element name="SOURCE_TRX_APPLICATION_NAME" value="SOURCE_TRX_APPLICATION_NAME"/>
				<element name="SUM_SRC_ENTD_UNROUND_ORG_AMT" value="SUM_SRC_ENTD_UNROUND_ORG_AMT"/>
				<element name="SUM_SRC_ENTD_UNROUND_REM_AMT" value="SUM_SRC_ENTD_UNROUND_REM_AMT"/>
				<element name="SUM_SRC_ENTD_ROUNDED_ORG_AMT" value="SUM_SRC_ENTD_ROUNDED_ORG_AMT"/>
				<element name="SUM_SRC_ENTD_ROUNDED_REM_AMT" value="SUM_SRC_ENTD_ROUNDED_REM_AMT"/>
				<element name="SUM_SRC_ACCTD_UNROUND_ORG_AMT" value="SUM_SRC_ACCTD_UNROUND_ORG_AMT"/>
				<element name="SUM_SRC_ACCTD_UNROUND_REM_AMT" value="SUM_SRC_ACCTD_UNROUND_REM_AMT"/>
				<element name="SUM_SRC_ACCTD_ROUNDED_ORG_AMT" value="SUM_SRC_ACCTD_ROUNDED_ORG_AMT"/>
				<element name="SUM_SRC_ACCTD_ROUNDED_REM_AMT" value="SUM_SRC_ACCTD_ROUNDED_REM_AMT"/>
				<element name="NON_AP_AMOUNT" value="NON_AP_AMOUNT"/>
				<element name="MANUAL_SLA_AMOUNT" value="MANUAL_SLA_AMOUNT"/>
			</group>
		</group>
		<group name="G_RUN_DETAIL_REPORT" source="Q_RUN_DETAIL_REPORT">
			<element name="L_RUN_DETAIL_REPORT" value="L_RUN_DETAIL_REPORT"/>
			<group name="G_TRANSACTION" source="Q_SELECT">
				<element name="ACCOUNT" value="ACCOUNT"/>
				<element name="GL_BALANCE" value="GL_BALANCE"/>
				<element name="CODE_COMBINATION_ID" value="CODE_COMBINATION_ID"/>
				<element name="BALANCING_SEGMENT_VALUE" value="BALANCING_SEGMENT_VALUE"/>
				<element name="BALANCING_SEGMENT_DESC" value="BALANCING_SEGMENT_DESC"/>
				<element name="NATURAL_ACCOUNT_SEGMENT_VALUE" value="NATURAL_ACCOUNT_SEGMENT_VALUE"/>
				<element name="NATURAL_ACCOUNT_SEGMENT_DESC" value="NATURAL_ACCOUNT_SEGMENT_DESC"/>
				<element name="COST_CENTER_SEGMENT_VALUE" value="COST_CENTER_SEGMENT_VALUE"/>
				<element name="COST_CENTER_SEGMENT_DESCR" value="COST_CENTER_SEGMENT_DESCR"/>
				<element name="MANAGEMENT_SEGMENT_VALUE" value="MANAGEMENT_SEGMENT_VALUE"/>
				<element name="MANAGEMENT_SEGMENT_DESC" value="MANAGEMENT_SEGMENT_DESC"/>
				<element name="INTERCOMPANY_SEGMENT_VALUE" value="INTERCOMPANY_SEGMENT_VALUE"/>
				<element name="INTERCOMPANY_SEGMENT_DESC" value="INTERCOMPANY_SEGMENT_DESC"/>
				<element name="LEDGER_ID" value="LEDGER_ID"/>
				<element name="LEDGER_NAME" value="LEDGER_NAME"/>
				<element name="LEDGER_SHORT_NAME" value="LEDGER_SHORT_NAME"/>
				<element name="LEDGER_CURRENCY_CODE" value="LEDGER_CURRENCY_CODE"/>
				<element name="THIRD_PARTY_NAME" value="THIRD_PARTY_NAME"/>
				<element name="THIRD_PARTY_NUMBER" value="THIRD_PARTY_NUMBER"/>
				<element name="THIRD_PARTY_TYPE" value="THIRD_PARTY_TYPE"/>
				<element name="THIRD_PARTY_TYPE_CODE" value="THIRD_PARTY_TYPE_CODE"/>
				<element name="THIRD_PARTY_SITE_NAME" value="THIRD_PARTY_SITE_NAME"/>
        	    		<element name="SOURCE_ENTITY_ID" value="SOURCE_ENTITY_ID"/>
				<element name="SOURCE_TRX_APPLICATION_ID" value="SOURCE_TRX_APPLICATION_ID"/>
				<element name="SOURCE_TRX_APPLICATION_NAME" value="SOURCE_TRX_APPLICATION_NAME"/>
				<element name="SOURCE_TRX_TYPE" value="SOURCE_TRX_TYPE"/>
				<element name="SOURCE_TRX_NUMBER" value="SOURCE_TRX_NUMBER"/>
				<element name="SOURCE_TRX_GL_DATE" value="SOURCE_TRX_GL_DATE"/>
				<element name="SOURCE_TRX_CURR" value="SOURCE_TRX_CURR"/>
				<element name="SRC_ENTERED_UNROUNDED_ORIG_AMT" value="SRC_ENTERED_UNROUNDED_ORIG_AMT"/>
				<element name="SRC_ENTERED_UNROUNDED_REM_AMT" value="SRC_ENTERED_UNROUNDED_REM_AMT"/>
				<element name="SRC_ENTERED_ROUNDED_ORIG_AMT" value="SRC_ENTERED_ROUNDED_ORIG_AMT"/>
				<element name="SRC_ENTERED_ROUNDED_REM_AMT" value="SRC_ENTERED_ROUNDED_REM_AMT"/>
				<element name="SRC_ACCTD_UNROUNDED_ORIG_AMT" value="SRC_ACCTD_UNROUNDED_ORIG_AMT"/>
				<element name="SRC_ACCTD_UNROUNDED_REM_AMT" value="SRC_ACCTD_UNROUNDED_REM_AMT"/>
				<element name="SRC_ACCTD_ROUNDED_ORIG_AMT" value="SRC_ACCTD_ROUNDED_ORIG_AMT"/>
				<element name="SRC_ACCTD_ROUNDED_REM_AMT" value="SRC_ACCTD_ROUNDED_REM_AMT"/>
				<element name="USER_TRX_IDENTIFIER_NAME_1" value="USER_TRX_IDENTIFIER_NAME_1"/>
				<element name="USER_TRX_IDENTIFIER_NAME_2" value="USER_TRX_IDENTIFIER_NAME_2"/>
				<element name="USER_TRX_IDENTIFIER_NAME_3" value="USER_TRX_IDENTIFIER_NAME_3"/>
				<element name="USER_TRX_IDENTIFIER_NAME_4" value="USER_TRX_IDENTIFIER_NAME_4"/>
				<element name="USER_TRX_IDENTIFIER_NAME_5" value="USER_TRX_IDENTIFIER_NAME_5"/>
				<element name="USER_TRX_IDENTIFIER_NAME_6" value="USER_TRX_IDENTIFIER_NAME_6"/>
				<element name="USER_TRX_IDENTIFIER_NAME_7" value="USER_TRX_IDENTIFIER_NAME_7"/>
				<element name="USER_TRX_IDENTIFIER_NAME_8" value="USER_TRX_IDENTIFIER_NAME_8"/>
				<element name="USER_TRX_IDENTIFIER_NAME_9" value="USER_TRX_IDENTIFIER_NAME_9"/>
				<element name="USER_TRX_IDENTIFIER_NAME_10" value="USER_TRX_IDENTIFIER_NAME_10"/>
				<element name="USER_TRX_IDENTIFIER_VALUE_1" value="USER_TRX_IDENTIFIER_VALUE_1"/>
				<element name="USER_TRX_IDENTIFIER_VALUE_2" value="USER_TRX_IDENTIFIER_VALUE_2"/>
				<element name="USER_TRX_IDENTIFIER_VALUE_3" value="USER_TRX_IDENTIFIER_VALUE_3"/>
				<element name="USER_TRX_IDENTIFIER_VALUE_4" value="USER_TRX_IDENTIFIER_VALUE_4"/>
				<element name="USER_TRX_IDENTIFIER_VALUE_5" value="USER_TRX_IDENTIFIER_VALUE_5"/>
				<element name="USER_TRX_IDENTIFIER_VALUE_6" value="USER_TRX_IDENTIFIER_VALUE_6"/>
				<element name="USER_TRX_IDENTIFIER_VALUE_7" value="USER_TRX_IDENTIFIER_VALUE_7"/>
				<element name="USER_TRX_IDENTIFIER_VALUE_8" value="USER_TRX_IDENTIFIER_VALUE_8"/>
				<element name="USER_TRX_IDENTIFIER_VALUE_9" value="USER_TRX_IDENTIFIER_VALUE_9"/>
				<element name="USER_TRX_IDENTIFIER_VALUE_10" value="USER_TRX_IDENTIFIER_VALUE_10"/>
				<element name="NON_AP_AMOUNT" value="NON_AP_AMOUNT"/>
			        <element name="MANUAL_SLA_AMOUNT" value="MANUAL_SLA_AMOUNT"/>
				<group name="G_APPLIED_TRX" source="Q_APPLIED_SELECT">
					<element name="APPLIED_THIRD_PARTY_NAME" value="THIRD_PARTY_NAME"/>
					<element name="APPLIED_THIRD_PARTY_NUMBER" value="THIRD_PARTY_NUMBER"/>
					<element name="APPLIED_THIRD_PARTY_TYPE" value="THIRD_PARTY_TYPE"/>
					<element name="APPLIED_THIRD_PARTY_TYPE_CODE" value="THIRD_PARTY_TYPE_CODE"/>
					<element name="APPLIED_THIRD_PARTY_SITE_NAME" value="THIRD_PARTY_SITE_NAME"/>
					<element name="APPLIED_TO_ENTITY_ID" value="APPLIED_TO_ENTITY_ID"/>
					<element name="APPLIED_TRX_APPLICATION_ID" value="APPLIED_TRX_APPLICATION_ID"/>
					<element name="APPLIED_TRX_APPLICATION_NAME" value="APPLIED_TRX_APPLICATION_NAME"/>
					<element name="APPLIED_TRX_TYPE" value="APPLIED_TRX_TYPE"/>
					<element name="APPLIED_TRX_NUMBER" value="APPLIED_TRX_NUMBER"/>
					<element name="APPLIED_TRX_GL_DATE" value="APPLIED_TRX_GL_DATE"/>
					<element name="APPLIED_TRX_CURR" value="APPLIED_TRX_CURR"/>
					<element name="APPLIED_ENTERED_UNROUNDED_AMT" value="APPLIED_ENTERED_UNROUNDED_AMT"/>
					<element name="APPLIED_ENTERED_ROUNDED_AMT" value="APPLIED_ENTERED_ROUNDED_AMT"/>
					<element name="APPLIED_ACCTD_UNROUNDED_AMT" value="APPLIED_ACCTD_UNROUNDED_AMT"/>
					<element name="APPLIED_ACCTD_ROUNDED_AMT" value="APPLIED_ACCTD_ROUNDED_AMT"/>
					<element name="APPLIED_TRX_IDENTIFIER_NAME_1" value="APPLIED_TRX_IDENTIFIER_NAME_1"/>
					<element name="APPLIED_TRX_IDENTIFIER_NAME_2" value="APPLIED_TRX_IDENTIFIER_NAME_2"/>
					<element name="APPLIED_TRX_IDENTIFIER_NAME_3" value="APPLIED_TRX_IDENTIFIER_NAME_3"/>
					<element name="APPLIED_TRX_IDENTIFIER_NAME_4" value="APPLIED_TRX_IDENTIFIER_NAME_4"/>
					<element name="APPLIED_TRX_IDENTIFIER_NAME_5" value="APPLIED_TRX_IDENTIFIER_NAME_5"/>
					<element name="APPLIED_TRX_IDENTIFIER_NAME_6" value="APPLIED_TRX_IDENTIFIER_NAME_6"/>
					<element name="APPLIED_TRX_IDENTIFIER_NAME_7" value="APPLIED_TRX_IDENTIFIER_NAME_7"/>
					<element name="APPLIED_TRX_IDENTIFIER_NAME_8" value="APPLIED_TRX_IDENTIFIER_NAME_8"/>
					<element name="APPLIED_TRX_IDENTIFIER_NAME_9" value="APPLIED_TRX_IDENTIFIER_NAME_9"/>
					<element name="APPLIED_TRX_IDENTIFIER_NAME_10" value="APPLIED_TRX_IDENTIFIER_NAME_10"/>
					<element name="APPLIED_TRX_IDENTIFIER_VAL_1" value="APPLIED_TRX_IDENTIFIER_VAL_1"/>
					<element name="APPLIED_TRX_IDENTIFIER_VAL_2" value="APPLIED_TRX_IDENTIFIER_VAL_2"/>
					<element name="APPLIED_TRX_IDENTIFIER_VAL_3" value="APPLIED_TRX_IDENTIFIER_VAL_3"/>
					<element name="APPLIED_TRX_IDENTIFIER_VAL_4" value="APPLIED_TRX_IDENTIFIER_VAL_4"/>
					<element name="APPLIED_TRX_IDENTIFIER_VAL_5" value="APPLIED_TRX_IDENTIFIER_VAL_5"/>
					<element name="APPLIED_TRX_IDENTIFIER_VAL_6" value="APPLIED_TRX_IDENTIFIER_VAL_6"/>
					<element name="APPLIED_TRX_IDENTIFIER_VAL_7" value="APPLIED_TRX_IDENTIFIER_VAL_7"/>
					<element name="APPLIED_TRX_IDENTIFIER_VAL_8" value="APPLIED_TRX_IDENTIFIER_VAL_8"/>
					<element name="APPLIED_TRX_IDENTIFIER_VAL_9" value="APPLIED_TRX_IDENTIFIER_VAL_9"/>
					<element name="APPLIED_TRX_IDENTIFIER_VAL_10" value="APPLIED_TRX_IDENTIFIER_VAL_10"/>
				</group>
			</group>
		</group>
	</dataStructure>
</dataTemplate>
