<?xml version = '1.0' encoding = 'UTF-8'?>
<!-- +======================================================================+ -->
<!-- |    Copyright (c) 2005, 2014 Oracle and/or its affiliates.           | -->
<!-- |                         All rights reserved.                         | -->
<!-- |                           Version 12.0.0                             | -->
<!-- +======================================================================+ -->
<!-- $Header: XLAACCPB.xml 120.28.12010000.5 2014/02/08 00:38:01 vdamerla ship $ -->
<!-- dbdrv: exec java oracle/apps/xdo/oa/util XDOLoader.class java &phase=dat checkfile:~PROD:patch/115/publisher/defs:XLAACCPB.xml UPLOAD -DB_USERNAME &un_apps -DB_PASSWORD &pw_apps -JDBC_CONNECTION &jdbc_db_addr -LOB_TYPE DATA_TEMPLATE -APPS_SHORT_NAME ~PROD -LOB_CODE XLAACCPB -LANGUAGE 00 -XDO_FILE_TYPE XML-DATA-TEMPLATE -FILE_NAME &fullpath:~PROD:patch/115/publisher/defs:XLAACCPB.xml -->
<!-- dbdrv: exec java oracle/apps/xdo/oa/util XDOLoader.class java &phase=dat checkfile:~PROD:patch/115/publisher/defs:XLAACCPB.xml UPLOAD -DB_USERNAME &un_apps -DB_PASSWORD &pw_apps -JDBC_CONNECTION &jdbc_db_addr -LOB_TYPE DATA_TEMPLATE -APPS_SHORT_NAME OFA -LOB_CODE FAACCPB -LANGUAGE 00 -XDO_FILE_TYPE XML-DATA-TEMPLATE -FILE_NAME &fullpath:~PROD:patch/115/publisher/defs:XLAACCPB.xml -->
<!-- dbdrv: exec java oracle/apps/xdo/oa/util XDOLoader.class java &phase=dat checkfile:~PROD:patch/115/publisher/defs:XLAACCPB.xml UPLOAD -DB_USERNAME &un_apps -DB_PASSWORD &pw_apps -JDBC_CONNECTION &jdbc_db_addr -LOB_TYPE DATA_TEMPLATE -APPS_SHORT_NAME BOM -LOB_CODE CSTCRACC -LANGUAGE 00 -XDO_FILE_TYPE XML-DATA-TEMPLATE -FILE_NAME &fullpath:~PROD:patch/115/publisher/defs:XLAACCPB.xml -->
<!-- dbdrv: exec java oracle/apps/xdo/oa/util XDOLoader.class java &phase=dat checkfile:~PROD:patch/115/publisher/defs:XLAACCPB.xml UPLOAD -DB_USERNAME &un_apps -DB_PASSWORD &pw_apps -JDBC_CONNECTION &jdbc_db_addr -LOB_TYPE DATA_TEMPLATE -APPS_SHORT_NAME BOM -LOB_CODE CSTCRACCRCV -LANGUAGE 00 -XDO_FILE_TYPE XML-DATA-TEMPLATE -FILE_NAME &fullpath:~PROD:patch/115/publisher/defs:XLAACCPB.xml -->
<!-- dbdrv: exec java oracle/apps/xdo/oa/util XDOLoader.class java &phase=dat checkfile:~PROD:patch/115/publisher/defs:XLAACCPB.xml UPLOAD -DB_USERNAME &un_apps -DB_PASSWORD &pw_apps -JDBC_CONNECTION &jdbc_db_addr -LOB_TYPE DATA_TEMPLATE -APPS_SHORT_NAME PA -LOB_CODE PAXACCPB -LANGUAGE 00 -XDO_FILE_TYPE XML-DATA-TEMPLATE -FILE_NAME &fullpath:~PROD:patch/115/publisher/defs:XLAACCPB.xml -->
<!-- dbdrv: exec java oracle/apps/xdo/oa/util XDOLoader.class java &phase=dat checkfile:~PROD:patch/115/publisher/defs:XLAACCPB.xml UPLOAD -DB_USERNAME &un_apps -DB_PASSWORD &pw_apps -JDBC_CONNECTION &jdbc_db_addr -LOB_TYPE DATA_TEMPLATE -APPS_SHORT_NAME JL -LOB_CODE JLARAPAC -LANGUAGE 00 -XDO_FILE_TYPE XML-DATA-TEMPLATE -FILE_NAME &fullpath:~PROD:patch/115/publisher/defs:XLAACCPB.xml -->
<!-- dbdrv: exec java oracle/apps/xdo/oa/util XDOLoader.class java &phase=dat checkfile:~PROD:patch/115/publisher/defs:XLAACCPB.xml UPLOAD -DB_USERNAME &un_apps -DB_PASSWORD &pw_apps -JDBC_CONNECTION &jdbc_db_addr -LOB_TYPE DATA_TEMPLATE -APPS_SHORT_NAME JL -LOB_CODE JLFAACCP -LANGUAGE 00 -XDO_FILE_TYPE XML-DATA-TEMPLATE -FILE_NAME &fullpath:~PROD:patch/115/publisher/defs:XLAACCPB.xml -->
<!-- dbdrv: exec java oracle/apps/xdo/oa/util XDOLoader.class java &phase=dat checkfile:~PROD:patch/115/publisher/defs:XLAACCPB.xml UPLOAD -DB_USERNAME &un_apps -DB_PASSWORD &pw_apps -JDBC_CONNECTION &jdbc_db_addr -LOB_TYPE DATA_TEMPLATE -APPS_SHORT_NAME JA -LOB_CODE JAARAPAC -LANGUAGE 00 -XDO_FILE_TYPE XML-DATA-TEMPLATE -FILE_NAME &fullpath:~PROD:patch/115/publisher/defs:XLAACCPB.xml -->
<!-- dbdrv: exec java oracle/apps/xdo/oa/util XDOLoader.class java &phase=dat checkfile:~PROD:patch/115/publisher/defs:XLAACCPB.xml UPLOAD -DB_USERNAME &un_apps -DB_PASSWORD &pw_apps -JDBC_CONNECTION &jdbc_db_addr -LOB_TYPE DATA_TEMPLATE -APPS_SHORT_NAME JA -LOB_CODE JAFAACCP -LANGUAGE 00 -XDO_FILE_TYPE XML-DATA-TEMPLATE -FILE_NAME &fullpath:~PROD:patch/115/publisher/defs:XLAACCPB.xml -->
<!-- dbdrv: exec java oracle/apps/xdo/oa/util XDOLoader.class java &phase=dat checkfile:~PROD:patch/115/publisher/defs:XLAACCPB.xml UPLOAD -DB_USERNAME &un_apps -DB_PASSWORD &pw_apps -JDBC_CONNECTION &jdbc_db_addr -LOB_TYPE DATA_TEMPLATE -APPS_SHORT_NAME GMF -LOB_CODE GMFAACCP -LANGUAGE 00 -XDO_FILE_TYPE XML-DATA-TEMPLATE -FILE_NAME &fullpath:~PROD:patch/115/publisher/defs:XLAACCPB.xml -->
<!-- dbdrv: exec java oracle/apps/xdo/oa/util XDOLoader.class java &phase=dat checkfile:~PROD:patch/115/publisher/defs:XLAACCPB.xml UPLOAD -DB_USERNAME &un_apps -DB_PASSWORD &pw_apps -JDBC_CONNECTION &jdbc_db_addr -LOB_TYPE DATA_TEMPLATE -APPS_SHORT_NAME OKL -LOB_CODE OKLACCPB -LANGUAGE 00 -XDO_FILE_TYPE XML-DATA-TEMPLATE -FILE_NAME &fullpath:~PROD:patch/115/publisher/defs:XLAACCPB.xml -->
<!-- GSCC_Category="Xdo Data Definition" -->
<dataTemplate name="XLAACCPB" defaultPackage="XLA_CREATE_ACCT_RPT_PVT" version="1.0">
<properties>
  <property name="db_fetch_size" value="20" />
</properties>
<parameters>
<parameter name="P_REQUEST_ID" dataType = "number"></parameter>
<parameter name="P_ENTITY_ID" dataType = "number"></parameter>
<parameter name="P_SOURCE_APPLICATION_ID" dataType = "number"></parameter>
<parameter name="P_SOURCE_APPLICATION_NAME" dataType = "character"/>
<parameter name="P_APPLICATION_ID" dataType = "number"></parameter>
<parameter name="P_APPLICATION_NAME" dataType = "character"/>
<parameter name="P_DUMMY" dataType = "character"/>
<parameter name="P_LEDGER_ID" dataType = "number"></parameter>
<parameter name="P_LEDGER_NAME" dataType = "character"/>
<parameter name="P_PROCESS_CATEGORY_CODE" dataType = "character"></parameter>
<parameter name="P_PROCESS_CATEGORY_NAME" dataType = "character"/>
<parameter name="P_END_DATE" dataType = "date"></parameter>
<parameter name="P_CREATE_ACCOUNTING_FLAG" dataType = "character"></parameter>
<parameter name="P_CREATE_ACCOUNTING" dataType = "character"/>
<parameter name="P_DUMMY_PARAM_1" dataType = "character"/>
<parameter name="P_ACCOUNTING_MODE" dataType = "character"></parameter>
<parameter name="P_DUMMY_PARAM_2" dataType = "character"/>
<parameter name="P_ERRORS_ONLY_FLAG" dataType = "character"></parameter>
<parameter name="P_REPORT_STYLE" dataType = "character"></parameter>
<parameter name="P_ACCOUNTING_MODE_NAME" dataType = "character"></parameter>
<parameter name="P_ERRORS_ONLY" dataType = "character"/>
<parameter name="P_ACCOUNTING_REPORT_LEVEL" dataType = "character"/>
<parameter name="P_TRANSFER_TO_GL_FLAG" dataType = "character"></parameter>
<parameter name="P_TRANSFER_TO_GL" dataType = "character"/>
<parameter name="P_DUMMY_PARAM_3" dataType = "character"/>
<parameter name="P_POST_IN_GL_FLAG" dataType = "character"></parameter>
<parameter name="P_POST_IN_GL" dataType = "character"/>
<parameter name="P_GL_BATCH_NAME" dataType = "character"></parameter>
<parameter name="P_MIN_PRECISION" dataType = "number"></parameter>
<parameter name="P_INCLUDE_ZERO_AMOUNT_LINES" dataType = "character"></parameter>
<parameter name="P_INCLUDE_ZERO_AMT_LINES" dataType = "character"></parameter>
<parameter name="P_VALUATION_METHOD_CODE" dataType = "character"></parameter>
<parameter name="P_SECURITY_INT_1" dataType = "number"></parameter>
<parameter name="P_SECURITY_INT_2" dataType = "number"></parameter>
<parameter name="P_SECURITY_INT_3" dataType = "number"></parameter>
<parameter name="P_SECURITY_CHAR_1" dataType = "character"></parameter>
<parameter name="P_SECURITY_CHAR_2" dataType = "character"></parameter>
<parameter name="P_SECURITY_CHAR_3" dataType = "character"></parameter>
<parameter name="P_CONC_REQUEST_ID" dataType = "number"></parameter>
<parameter name="P_INCLUDE_USER_TRX_ID_FLAG" dataType = "character"></parameter>
<parameter name="P_INCLUDE_USER_TRX_IDENTIFIERS" dataType = "character"></parameter>
<parameter name="P_USER_ID" dataType = "number"></parameter>
<parameter name="P_LAUNCH_BALANCE_PROGRAM" dataType = "character"></parameter>
<parameter name="P_LAUNCH_BAL_PROGRAM"     dataType = "character"></parameter>
</parameters>

<dataQuery>

<sqlStatement name="Q_APPLICATION">
<![CDATA[
&p_application_query
AND :P_REPORT_STYLE <> 'N'
]]>
</sqlStatement>

<sqlStatement name="Q_AE_FLAGS">
<![CDATA[

SELECT PROCESSED_EVT_FLAG
      ,ERR_EVT_FLAG

FROM
(SELECT DECODE(COUNT(1),0,'N','Y') PROCESSED_EVT_FLAG FROM DUAL WHERE EXISTS
        (SELECT /*+ index(evt,xla_events_n2) */ 1
           FROM XLA_EVENTS                     EVT
          WHERE EVT.REQUEST_ID              =  :REQUEST_ID
            AND EVT.APPLICATION_ID          =  :APPLICATION_ID
            AND EVT.EVENT_STATUS_CODE      <> 'N'
            AND EVT.PROCESS_STATUS_CODE    IN ('D','P')
            AND :P_REPORT_STYLE <> 'N'
        )
) TAB1,
(SELECT DECODE(COUNT(1),0,'N','Y') ERR_EVT_FLAG FROM DUAL WHERE EXISTS
        (SELECT /*+ index(evt,xla_events_n3) */ 1
           FROM XLA_EVENTS                     EVT
          WHERE EVT.REQUEST_ID              =  :REQUEST_ID
            AND EVT.APPLICATION_ID          =  :APPLICATION_ID
            AND EVT.PROCESS_STATUS_CODE    IN ('E','I','R')
            AND :P_REPORT_STYLE <> 'N'
        )
) TAB2

]]>

</sqlStatement>

<sqlStatement name="Q_NO_ACTION_EVENTS">
<![CDATA[


SELECT XET.APPLICATION_ID                                    APPL_ID
     , XET.ENTITY_CODE                                       ENTITY_CODE
     , XET.EVENT_CLASS_CODE                                  EVENT_CLASS_CODE
     , XEC.NAME                                              EVENT_CLASS_NAME
     ,COUNT(DISTINCT (
          CASE 
            WHEN EVT.PROCESS_STATUS_CODE = 'P' AND EVT.EVENT_STATUS_CODE = 'N' THEN EVT.EVENT_ID
            ELSE NULL
            END)) NO_ACTION_EVENT_COUNT
FROM XLA_EVENTS                           EVT
   , XLA_EVENT_TYPES_B                    XET
   , XLA_EVENT_CLASSES_TL                 XEC

WHERE EVT.APPLICATION_ID            = :APPLICATION_ID
AND   EVT.REQUEST_ID                = :REQUEST_ID
AND   EVT.PROCESS_STATUS_CODE       = 'P'
AND   EVT.EVENT_STATUS_CODE         = 'N'
AND   XET.APPLICATION_ID            = EVT.APPLICATION_ID
AND   XET.EVENT_TYPE_CODE           = EVT.EVENT_TYPE_CODE
AND   XEC.APPLICATION_ID            = XET.APPLICATION_ID
AND   XEC.ENTITY_CODE               = XET.ENTITY_CODE
AND   XEC.EVENT_CLASS_CODE          = XET.EVENT_CLASS_CODE
AND   XEC.LANGUAGE                  = USERENV('LANG')
AND  :P_REPORT_STYLE <> 'N'
GROUP BY
  XET.APPLICATION_ID
, XET.ENTITY_CODE
, XET.EVENT_CLASS_CODE
, XEC.NAME

]]>
</sqlStatement>

<sqlStatement name="Q_APPLICATION_ERR">
<![CDATA[

SELECT
  ERR.MESSAGE_NUMBER      APPL_MESSAGE_NUMBER
, ERR.ENCODED_MSG         APPL_ERROR_MSG
FROM
  XLA_ACCOUNTING_ERRORS   ERR
WHERE
    REQUEST_ID       =  :REQUEST_ID
AND APPLICATION_ID   =  :APPLICATION_ID
AND EVENT_ID        IS  NULL
AND :P_REPORT_STYLE <> 'N'

]]>
</sqlStatement>

<sqlStatement name="Q_AE_CLASS_SUMMARY">
<![CDATA[

SELECT /*+ Leading(EVT,AEH) use_nl(evt,aeh) index(evt xla_events_n2) */
  COUNT(DISTINCT EVT.ENTITY_ID)                         ENTITY_COUNT
, COUNT(DISTINCT (
          CASE 
            WHEN PROCESS_STATUS_CODE = 'P' AND EVENT_STATUS_CODE = 'P' THEN EVT.EVENT_ID
            WHEN PROCESS_STATUS_CODE = 'D' AND EVENT_STATUS_CODE = 'U' THEN EVT.EVENT_ID
            ELSE NULL
            END))  PROCESSED_COUNT
, COUNT(DISTINCT (
          CASE 
            WHEN PROCESS_STATUS_CODE = 'I' THEN EVT.EVENT_ID
            WHEN PROCESS_STATUS_CODE = 'E' THEN EVT.EVENT_ID
            ELSE NULL
            END)) ERRORED_COUNT
, XET.APPLICATION_ID                                    APPL_ID
, XET.ENTITY_CODE                                       ENT_CODE
, XET.EVENT_CLASS_CODE                                  EVT_CLASS_CODE
, XEC.NAME                                              EVENT_CLASS_NAME
, AEH.LEDGER_ID                                         LEDGER_ID
, GLL.NAME                                              LEDGER_NAME
, AEH.BALANCE_TYPE_CODE                                 BALANCE_TYPE_CODE
, XLK.MEANING                                           BALANCE_TYPE
, COUNT(DECODE(accounting_entry_status_code,'F',1,'D',1,NULL))                                           JE_CREATED_COUNT
, COUNT(decode(accounting_entry_status_code, 'F', DECODE(AEH.GL_TRANSFER_STATUS_CODE,'Y',1,NULL),null))  JE_TRANSFERRED_COUNT
, COUNT(decode(accounting_entry_status_code, 'F', DECODE(AEH.GL_TRANSFER_STATUS_CODE,'Y',NULL,1),null))  JE_NOT_TRANSFERRED_COUNT
FROM XLA_EVENTS                           EVT
   , XLA_EVENT_TYPES_B                    XET
   , XLA_EVENT_CLASSES_TL                 XEC
   , XLA_AE_HEADERS                       AEH
   , GL_LEDGERS                           GLL
   , XLA_LOOKUPS                          XLK
WHERE EVT.APPLICATION_ID            = :APPLICATION_ID
AND   EVT.REQUEST_ID                = :REQUEST_ID
AND   EVT.PROCESS_STATUS_CODE      IN ('P','D','E','I','R')
AND   XET.APPLICATION_ID            = EVT.APPLICATION_ID
AND   XET.EVENT_TYPE_CODE           = EVT.EVENT_TYPE_CODE
AND   XEC.APPLICATION_ID            = XET.APPLICATION_ID
AND   XEC.ENTITY_CODE               = XET.ENTITY_CODE
AND   XEC.EVENT_CLASS_CODE          = XET.EVENT_CLASS_CODE
AND   XEC.LANGUAGE                  = USERENV('LANG')
AND   AEH.APPLICATION_ID            = EVT.APPLICATION_ID
AND   AEH.EVENT_ID                  = EVT.EVENT_ID
AND   GLL.LEDGER_ID                 = AEH.LEDGER_ID
AND   XLK.LOOKUP_TYPE               = 'XLA_BALANCE_TYPE'
AND   XLK.LOOKUP_CODE               = AEH.BALANCE_TYPE_CODE
AND  :P_REPORT_STYLE <> 'N'
GROUP BY
  XET.APPLICATION_ID
, XET.ENTITY_CODE
, XET.EVENT_CLASS_CODE
, XEC.NAME
, AEH.LEDGER_ID
, GLL.NAME
, AEH.BALANCE_TYPE_CODE
, XLK.MEANING

]]>
</sqlStatement>


<sqlStatement name="Q_EVENTS">
<![CDATA[

SELECT
 TABLE1.APPLICATION_ID                           APPLICATION_ID
,TABLE1.EVENT_CLASS_CODE                         EVENT_CLASS_CODE
,TABLE1.EVENT_CLASS_NAME                         EVENT_CLASS_NAME
,TABLE1.EVENT_TYPE_NAME                          EVENT_TYPE_NAME
,TABLE1.EVENT_ID                                 EVENT_ID
,TABLE1.EVENT_STATUS_CODE                        EVENT_STATUS_CODE
,TABLE1.EVENT_STATUS                             EVENT_STATUS
,TABLE1.EVENT_NUMBER                             EVENT_NUMBER
,TABLE1.EVENT_DATE                               EVENT_DATE
,TABLE1.ENTITY_ID                                ENTITY_ID
,TABLE1.LEDGER_ID                                LEDGER_ID
,TABLE1.LEDGER_NAME                              LEDGER_NAME
,TABLE1.LEDGER_CURRENCY                          LEDGER_CURRENCY
,TABLE1.COA_ID                                   COA_ID
,TABLE1.PAD_NAME                                 PAD_NAME
,TABLE1.PAD_VERSION                              PAD_VERSION
,TABLE1.AE_HEADER_ID                             AE_HEADER_ID
,TABLE1.BALANCE_TYPE                             BALANCE_TYPE
,TABLE1.BALANCE_TYPE_MEANING                     BALANCE_TYPE_MEANING
,TABLE1.GL_DATE                                  GL_DATE
,TABLE1.AE_DESCRIPTION                           AE_DESCRIPTION
,TABLE1.AE_STATUS_CODE                           AE_STATUS_CODE
,TABLE1.AE_STATUS_MEANING                        AE_STATUS_MEANING
,TABLE1.DISPLAYED_LINE_NUM                       DISPLAYED_LINE_NUM
,TABLE1.AE_LINE_NUM                              AE_LINE_NUM
,TABLE1.ACCOUNT_CCID                             ACCOUNT_CCID
,TABLE1.ENTERED_CURRENCY                         ENTERED_CURRENCY
,TABLE1.ENTERED_DR                               ENTERED_DR
,TABLE1.ENTERED_CR                               ENTERED_CR
,TABLE1.ACCOUNTED_DR                             ACCOUNTED_DR
,TABLE1.ACCOUNTED_CR                             ACCOUNTED_CR
,TABLE1.ACCOUNTING_CLASS                         ACCOUNTING_CLASS
,TABLE1.ERROR_AE_LINE_NUM                        ERROR_AE_LINE_NUM
,TABLE1.MESSAGE_NUMBER                           MESSAGE_NUMBER
,TABLE1.ENCODED_MSG                              ENCODED_MSG
,TABLE1.ACCOUNT_SEGMENTS                         ACCOUNT_SEGMENTS
,substr(USERIDS,1,instr(USERIDS,'|',1,1)-1)                                                    USER_TRX_IDENTIFIER_NAME_1
,substr(USERIDS,instr(USERIDS,'|',1,1)+1,(instr(USERIDS,'|',1,2)-1-instr(USERIDS,'|',1,1)))    USER_TRX_IDENTIFIER_VALUE_1
,substr(USERIDS,instr(USERIDS,'|',1,2)+1,(instr(USERIDS,'|',1,3)-1-instr(USERIDS,'|',1,2)))    USER_TRX_IDENTIFIER_NAME_2
,substr(USERIDS,instr(USERIDS,'|',1,3)+1,(instr(USERIDS,'|',1,4)-1-instr(USERIDS,'|',1,3)))    USER_TRX_IDENTIFIER_VALUE_2
,substr(USERIDS,instr(USERIDS,'|',1,4)+1,(instr(USERIDS,'|',1,5)-1-instr(USERIDS,'|',1,4)))    USER_TRX_IDENTIFIER_NAME_3
,substr(USERIDS,instr(USERIDS,'|',1,5)+1,(instr(USERIDS,'|',1,6)-1-instr(USERIDS,'|',1,5)))    USER_TRX_IDENTIFIER_VALUE_3
,substr(USERIDS,instr(USERIDS,'|',1,6)+1,(instr(USERIDS,'|',1,7)-1-instr(USERIDS,'|',1,6)))    USER_TRX_IDENTIFIER_NAME_4
,substr(USERIDS,instr(USERIDS,'|',1,7)+1,(instr(USERIDS,'|',1,8)-1-instr(USERIDS,'|',1,7)))    USER_TRX_IDENTIFIER_VALUE_4
,substr(USERIDS,instr(USERIDS,'|',1,8)+1,(instr(USERIDS,'|',1,9)-1-instr(USERIDS,'|',1,8)))    USER_TRX_IDENTIFIER_NAME_5
,substr(USERIDS,instr(USERIDS,'|',1,9)+1,(instr(USERIDS,'|',1,10)-1-instr(USERIDS,'|',1,9)))   USER_TRX_IDENTIFIER_VALUE_5
,substr(USERIDS,instr(USERIDS,'|',1,10)+1,(instr(USERIDS,'|',1,11)-1-instr(USERIDS,'|',1,10))) USER_TRX_IDENTIFIER_NAME_6
,substr(USERIDS,instr(USERIDS,'|',1,11)+1,(instr(USERIDS,'|',1,12)-1-instr(USERIDS,'|',1,11))) USER_TRX_IDENTIFIER_VALUE_6
,substr(USERIDS,instr(USERIDS,'|',1,12)+1,(instr(USERIDS,'|',1,13)-1-instr(USERIDS,'|',1,12))) USER_TRX_IDENTIFIER_NAME_7
,substr(USERIDS,instr(USERIDS,'|',1,13)+1,(instr(USERIDS,'|',1,14)-1-instr(USERIDS,'|',1,13))) USER_TRX_IDENTIFIER_VALUE_7
,substr(USERIDS,instr(USERIDS,'|',1,14)+1,(instr(USERIDS,'|',1,15)-1-instr(USERIDS,'|',1,14))) USER_TRX_IDENTIFIER_NAME_8
,substr(USERIDS,instr(USERIDS,'|',1,15)+1,(instr(USERIDS,'|',1,16)-1-instr(USERIDS,'|',1,15))) USER_TRX_IDENTIFIER_VALUE_8
,substr(USERIDS,instr(USERIDS,'|',1,16)+1,(instr(USERIDS,'|',1,17)-1-instr(USERIDS,'|',1,16))) USER_TRX_IDENTIFIER_NAME_9
,substr(USERIDS,instr(USERIDS,'|',1,17)+1,(instr(USERIDS,'|',1,18)-1-instr(USERIDS,'|',1,17))) USER_TRX_IDENTIFIER_VALUE_9
,substr(USERIDS,instr(USERIDS,'|',1,18)+1,(instr(USERIDS,'|',1,19)-1-instr(USERIDS,'|',1,18))) USER_TRX_IDENTIFIER_NAME_10
,substr(USERIDS,instr(USERIDS,'|',1,19)+1,(length(USERIDS)-instr(USERIDS,'|',1,19)))           USER_TRX_IDENTIFIER_VALUE_10
 FROM
  (
       SELECT
        EVT.APPLICATION_ID                          APPLICATION_ID
       ,XET.EVENT_CLASS_CODE                        EVENT_CLASS_CODE
       ,XEC.NAME                                    EVENT_CLASS_NAME
       ,XET.NAME                                    EVENT_TYPE_NAME
       ,EVT.EVENT_ID                                EVENT_ID
       ,EVT.PROCESS_STATUS_CODE                     EVENT_STATUS_CODE
       ,XL3.MEANING                                 EVENT_STATUS
       ,EVT.EVENT_NUMBER                            EVENT_NUMBER
       ,TO_CHAR(EVT.EVENT_DATE,'YYYY-MM-DD')        EVENT_DATE
       ,EVT.ENTITY_ID                               ENTITY_ID
       ,XGL.LEDGER_ID                               LEDGER_ID
       ,XGL.NAME                                    LEDGER_NAME
       ,XGL.CURRENCY_CODE                           LEDGER_CURRENCY
       ,XGL.CHART_OF_ACCOUNTS_ID                    COA_ID
       ,XPR.NAME                                    PAD_NAME
       ,XPR.PRODUCT_RULE_VERSION                    PAD_VERSION
       ,AEH.AE_HEADER_ID                            AE_HEADER_ID
       ,AEH.BALANCE_TYPE_CODE                       BALANCE_TYPE
       ,XLK.MEANING                                 BALANCE_TYPE_MEANING
       ,TO_CHAR(AEH.ACCOUNTING_DATE
                 ,'YYYY-MM-DD')                     GL_DATE
       ,AEH.DESCRIPTION                             AE_DESCRIPTION
       ,AEH.ACCOUNTING_ENTRY_STATUS_CODE            AE_STATUS_CODE
       ,XL1.MEANING                                 AE_STATUS_MEANING
       ,AEL.DISPLAYED_LINE_NUMBER                   DISPLAYED_LINE_NUM
       ,AEL.AE_LINE_NUM                             AE_LINE_NUM
       ,AEL.CODE_COMBINATION_ID                     ACCOUNT_CCID
       ,AEL.CURRENCY_CODE                           ENTERED_CURRENCY
       ,AEL.ENTERED_DR                              ENTERED_DR
       ,AEL.ENTERED_CR                              ENTERED_CR
       ,AEL.ACCOUNTED_DR                            ACCOUNTED_DR
       ,AEL.ACCOUNTED_CR                            ACCOUNTED_CR
       ,XL2.MEANING                                 ACCOUNTING_CLASS
       ,NULL                                        ERROR_AE_LINE_NUM
       ,NULL                                        MESSAGE_NUMBER
       ,NULL                                        ENCODED_MSG
       ,FND_FLEX_EXT.GET_SEGS
           ('SQLGL'
           ,'GL#'
           ,XGL.CHART_OF_ACCOUNTS_ID
           ,AEL.CODE_COMBINATION_ID)                ACCOUNT_SEGMENTS
       &P_TRX_IDENTIFIERS_1                           
       &P_TRX_IDENTIFIERS_2                           
       &P_TRX_IDENTIFIERS_3                           
       &P_TRX_IDENTIFIERS_4                           
       &P_TRX_IDENTIFIERS_5                           
       FROM
        XLA_EVENTS                                    EVT
       ,XLA_TRANSACTION_ENTITIES                      ENT
       ,XLA_EVENT_TYPES_VL                            XET
       ,XLA_EVENT_CLASSES_TL                          XEC
       ,XLA_AE_HEADERS                                AEH
       ,XLA_AE_LINES                                  AEL
       ,XLA_GL_LEDGERS_V                              XGL
       ,XLA_PRODUCT_RULES_VL                          XPR
       ,XLA_LOOKUPS                                   XLK
       ,XLA_LOOKUPS                                   XL1
       ,XLA_LOOKUPS                                   XL2
       ,XLA_LOOKUPS                                   XL3
         WHERE
             EVT.APPLICATION_ID          = :APPLICATION_ID
        AND  EVT.REQUEST_ID              = :REQUEST_ID
        AND  ENT.APPLICATION_ID          = EVT.APPLICATION_ID
        AND  ENT.ENTITY_ID               = EVT.ENTITY_ID
        AND  XET.APPLICATION_ID          = ENT.APPLICATION_ID
        AND  XET.ENTITY_CODE             = ENT.ENTITY_CODE
        AND  XET.EVENT_TYPE_CODE         = EVT.EVENT_TYPE_CODE
        AND  XEC.APPLICATION_ID          = XET.APPLICATION_ID
        AND  XEC.EVENT_CLASS_CODE        = XET.EVENT_CLASS_CODE
        AND  XEC.LANGUAGE                = USERENV('LANG')
        AND  AEH.APPLICATION_ID          = EVT.APPLICATION_ID
        AND  AEH.EVENT_ID                = EVT.EVENT_ID
        AND  AEH.ACCOUNTING_ENTRY_STATUS_CODE <> 'N'
        AND  AEL.APPLICATION_ID          = AEH.APPLICATION_ID
        AND  AEL.AE_HEADER_ID            = AEH.AE_HEADER_ID
        AND  XGL.LEDGER_ID               = AEH.LEDGER_ID
        AND  XPR.APPLICATION_ID          = AEH.APPLICATION_ID
        AND  XPR.PRODUCT_RULE_TYPE_CODE  = AEH.PRODUCT_RULE_TYPE_CODE
        AND  XPR.PRODUCT_RULE_CODE       = AEH.PRODUCT_RULE_CODE
        AND  XPR.AMB_CONTEXT_CODE        = AEH.AMB_CONTEXT_CODE
        AND  XLK.LOOKUP_TYPE             = 'XLA_BALANCE_TYPE'
        AND  XLK.LOOKUP_CODE             = AEH.BALANCE_TYPE_CODE
        AND  XL1.LOOKUP_TYPE             = 'XLA_ACCOUNTING_ENTRY_STATUS'
        AND  XL1.LOOKUP_CODE             = AEH.ACCOUNTING_ENTRY_STATUS_CODE
        AND  XL2.LOOKUP_TYPE             = 'XLA_ACCOUNTING_CLASS'
        AND  XL2.LOOKUP_CODE             = AEL.ACCOUNTING_CLASS_CODE
        AND  XL3.LOOKUP_TYPE             = 'XLA_EVENT_PROCESS_STATUS'
        AND  XL3.LOOKUP_CODE             = EVT.PROCESS_STATUS_CODE
        &P_EVENT_FILTER
        &P_ZERO_AMT_FILTER
        AND  :P_REPORT_STYLE <> 'N'

       UNION

       SELECT
        EVT.APPLICATION_ID                         APPLICATION_ID
       ,XET.EVENT_CLASS_CODE                       EVENT_CLASS_CODE
       ,XEC.NAME                                   EVENT_CLASS_NAME
       ,XET.NAME                                   EVENT_TYPE_NAME
       ,EVT.EVENT_ID                               EVENT_ID
       ,EVT.PROCESS_STATUS_CODE                    EVENT_STATUS_CODE
       ,XLK.MEANING                                EVENT_STATUS
       ,EVT.EVENT_NUMBER                           EVENT_NUMBER
       ,TO_CHAR(EVT.EVENT_DATE,'YYYY-MM-DD')       EVENT_DATE
       ,EVT.ENTITY_ID                              ENTITY_ID
       ,XGL.LEDGER_ID                              LEDGER_ID
       ,XGL.NAME                                   LEDGER_NAME
       ,XGL.CURRENCY_CODE                          LEDGER_CURRENCY
       ,XGL.CHART_OF_ACCOUNTS_ID                   COA_ID
       ,NULL                                       PAD_NAME
       ,NULL                                       PAD_VERSION
       ,ERR.AE_HEADER_ID                           AE_HEADER_ID
       ,NULL                                       BALANCE_TYPE
       ,NULL                                       BALANCE_TYPE_MEANING
       ,NULL                                       GL_DATE
       ,NULL                                       AE_DESCRIPTION
       ,NULL                                       AE_STATUS_CODE
       ,NULL                                       AE_STATUS_MEANING
       ,ERR.AE_LINE_NUM                            DISPLAYED_LINE_NUM
       ,ERR.AE_LINE_NUM                            AE_LINE_NUM
       ,NULL                                       ACCOUNT_CCID
       ,NULL                                       ENTERED_CURRENCY
       ,NULL                                       ENTERED_DR
       ,NULL                                       ENTERED_CR
       ,NULL                                       ACCOUNTED_DR
       ,NULL                                       ACCOUNTED_CR
       ,NULL                                       ACCOUNTING_CLASS
       ,ERR.AE_LINE_NUM                            ERROR_AE_LINE_NUM
       ,ERR.MESSAGE_NUMBER                         MESSAGE_NUMBER
       ,ERR.ENCODED_MSG                            ENCODED_MSG
       ,NULL                                       ACCOUNT_SEGMENTS
       &P_TRX_IDENTIFIERS_1                           
       &P_TRX_IDENTIFIERS_2                           
       &P_TRX_IDENTIFIERS_3                           
       &P_TRX_IDENTIFIERS_4                           
       &P_TRX_IDENTIFIERS_5  
        FROM
        XLA_EVENTS                                    EVT
       ,XLA_TRANSACTION_ENTITIES                      ENT
       ,XLA_EVENT_TYPES_VL                            XET
       ,XLA_EVENT_CLASSES_TL                          XEC
       ,XLA_ACCOUNTING_ERRORS                         ERR
       ,XLA_GL_LEDGERS_V                              XGL
       ,XLA_LOOKUPS                                   XLK
       WHERE
            EVT.APPLICATION_ID          = :APPLICATION_ID
       AND  EVT.REQUEST_ID              = :REQUEST_ID
       AND  EVT.PROCESS_STATUS_CODE    IN ('I','E','R')
       AND  XLK.LOOKUP_TYPE             = 'XLA_EVENT_PROCESS_STATUS'
       AND  XLK.LOOKUP_CODE             = EVT.PROCESS_STATUS_CODE
       AND  ENT.APPLICATION_ID          = EVT.APPLICATION_ID
       AND  ENT.ENTITY_ID               = EVT.ENTITY_ID
       AND  XET.APPLICATION_ID          = ENT.APPLICATION_ID
       AND  XET.ENTITY_CODE             = ENT.ENTITY_CODE
       AND  XET.EVENT_TYPE_CODE         = EVT.EVENT_TYPE_CODE
       AND  XEC.APPLICATION_ID          = XET.APPLICATION_ID
       AND  XEC.EVENT_CLASS_CODE        = XET.EVENT_CLASS_CODE
       AND  XEC.LANGUAGE                = USERENV('LANG')
       AND  ERR.EVENT_ID                = EVT.EVENT_ID
       AND  XGL.LEDGER_ID(+)            = ERR.LEDGER_ID
       AND  :P_REPORT_STYLE <> 'N'
        )TABLE1

]]>
</sqlStatement>

<sqlStatement name="Q_NO_ENTRY_EVENTS">
<![CDATA[

SELECT
  TABLE2.APPLICATION_ID              APPLICATION_ID
 ,TABLE2.EVENT_ID                    EVENT_ID
 ,TABLE2.EVENT_STATUS_CODE           EVENT_STATUS_CODE
 ,TABLE2.EVENT_STATUS                EVENT_STATUS
 ,TABLE2.EVENT_NUMBER                EVENT_NUMBER
 ,TABLE2.EVENT_DATE                  EVENT_DATE
 ,TABLE2.ENTITY_ID                   ENTITY_ID
 ,TABLE2.EVENT_CLASS_CODE            EVENT_CLASS_CODE
 ,TABLE2.EVENT_CLASS_NAME            EVENT_CLASS_NAME
 ,TABLE2.EVENT_TYPE_NAME             EVENT_TYPE_NAME
 ,substr(USERIDS,1,instr(USERIDS,'|',1,1)-1)                                                    USER_TRX_IDENTIFIER_NAME_11
 ,substr(USERIDS,instr(USERIDS,'|',1,1)+1,(instr(USERIDS,'|',1,2)-1-instr(USERIDS,'|',1,1)))    USER_TRX_IDENTIFIER_VALUE_11
 ,substr(USERIDS,instr(USERIDS,'|',1,2)+1,(instr(USERIDS,'|',1,3)-1-instr(USERIDS,'|',1,2)))    USER_TRX_IDENTIFIER_NAME_12
 ,substr(USERIDS,instr(USERIDS,'|',1,3)+1,(instr(USERIDS,'|',1,4)-1-instr(USERIDS,'|',1,3)))    USER_TRX_IDENTIFIER_VALUE_12
 ,substr(USERIDS,instr(USERIDS,'|',1,4)+1,(instr(USERIDS,'|',1,5)-1-instr(USERIDS,'|',1,4)))    USER_TRX_IDENTIFIER_NAME_13
 ,substr(USERIDS,instr(USERIDS,'|',1,5)+1,(instr(USERIDS,'|',1,6)-1-instr(USERIDS,'|',1,5)))    USER_TRX_IDENTIFIER_VALUE_13
 ,substr(USERIDS,instr(USERIDS,'|',1,6)+1,(instr(USERIDS,'|',1,7)-1-instr(USERIDS,'|',1,6)))    USER_TRX_IDENTIFIER_NAME_14
 ,substr(USERIDS,instr(USERIDS,'|',1,7)+1,(instr(USERIDS,'|',1,8)-1-instr(USERIDS,'|',1,7)))    USER_TRX_IDENTIFIER_VALUE_14
 ,substr(USERIDS,instr(USERIDS,'|',1,8)+1,(instr(USERIDS,'|',1,9)-1-instr(USERIDS,'|',1,8)))    USER_TRX_IDENTIFIER_NAME_15
 ,substr(USERIDS,instr(USERIDS,'|',1,9)+1,(instr(USERIDS,'|',1,10)-1-instr(USERIDS,'|',1,9)))   USER_TRX_IDENTIFIER_VALUE_15
 ,substr(USERIDS,instr(USERIDS,'|',1,10)+1,(instr(USERIDS,'|',1,11)-1-instr(USERIDS,'|',1,10))) USER_TRX_IDENTIFIER_NAME_16
 ,substr(USERIDS,instr(USERIDS,'|',1,11)+1,(instr(USERIDS,'|',1,12)-1-instr(USERIDS,'|',1,11))) USER_TRX_IDENTIFIER_VALUE_16
 ,substr(USERIDS,instr(USERIDS,'|',1,12)+1,(instr(USERIDS,'|',1,13)-1-instr(USERIDS,'|',1,12))) USER_TRX_IDENTIFIER_NAME_17
 ,substr(USERIDS,instr(USERIDS,'|',1,13)+1,(instr(USERIDS,'|',1,14)-1-instr(USERIDS,'|',1,13))) USER_TRX_IDENTIFIER_VALUE1_17
 ,substr(USERIDS,instr(USERIDS,'|',1,14)+1,(instr(USERIDS,'|',1,15)-1-instr(USERIDS,'|',1,14))) USER_TRX_IDENTIFIER_NAME_18
 ,substr(USERIDS,instr(USERIDS,'|',1,15)+1,(instr(USERIDS,'|',1,16)-1-instr(USERIDS,'|',1,15))) USER_TRX_IDENTIFIER_VALUE_18
 ,substr(USERIDS,instr(USERIDS,'|',1,16)+1,(instr(USERIDS,'|',1,17)-1-instr(USERIDS,'|',1,16))) USER_TRX_IDENTIFIER_NAME_19
 ,substr(USERIDS,instr(USERIDS,'|',1,17)+1,(instr(USERIDS,'|',1,18)-1-instr(USERIDS,'|',1,17))) USER_TRX_IDENTIFIER_VALUE_19
 ,substr(USERIDS,instr(USERIDS,'|',1,18)+1,(instr(USERIDS,'|',1,19)-1-instr(USERIDS,'|',1,18))) USER_TRX_IDENTIFIER_NAME_20
 ,substr(USERIDS,instr(USERIDS,'|',1,19)+1,(length(USERIDS)-instr(USERIDS,'|',1,19)))           USER_TRX_IDENTIFIER_VALUE_20
FROM
   (
     SELECT /*+ LEADING(EVT) USE_NL(XET) */
            EVT.APPLICATION_ID                         APPLICATION_ID
           ,EVT.EVENT_ID                               EVENT_ID
           ,EVT.PROCESS_STATUS_CODE                    EVENT_STATUS_CODE
           ,XLK.MEANING                                EVENT_STATUS
           ,EVT.EVENT_NUMBER                           EVENT_NUMBER
           ,TO_CHAR(EVT.EVENT_DATE,'YYYY-MM-DD')       EVENT_DATE
           ,EVT.ENTITY_ID                              ENTITY_ID
           ,XET.EVENT_CLASS_CODE                       EVENT_CLASS_CODE
           ,XEC.NAME                                   EVENT_CLASS_NAME
	   ,XET.NAME                                   EVENT_TYPE_NAME
	   &P_TRX_IDENTIFIERS_1                           
           &P_TRX_IDENTIFIERS_2                           
    	   &P_TRX_IDENTIFIERS_3                           
      	   &P_TRX_IDENTIFIERS_4                           
	   &P_TRX_IDENTIFIERS_5  
      FROM (SELECT /*+ NO_MERGE INDEX(A,XLA_EVENTS_N2) */
                   APPLICATION_ID
                  ,EVENT_ID
                  ,PROCESS_STATUS_CODE
                  ,EVENT_NUMBER
                  ,EVENT_DATE
                  ,ENTITY_ID
                  ,EVENT_TYPE_CODE
              FROM XLA_EVENTS   A
             WHERE NOT EXISTS
                     (SELECT /*+ NO_UNNEST */ 1
                        FROM XLA_AE_HEADERS
                       WHERE APPLICATION_ID = A.APPLICATION_ID
                         AND EVENT_ID       = A.EVENT_ID
                     )
               AND APPLICATION_ID          = :APPLICATION_ID
               AND REQUEST_ID              = :REQUEST_ID
               AND PROCESS_STATUS_CODE    IN ('D','P')
           )                                              EVT
           ,XLA_TRANSACTION_ENTITIES                      ENT
           ,XLA_EVENT_TYPES_VL                            XET
           ,XLA_EVENT_CLASSES_TL                          XEC
           ,XLA_LOOKUPS                                   XLK
     WHERE  XLK.LOOKUP_TYPE             = 'XLA_EVENT_PROCESS_STATUS'
       AND  XLK.LOOKUP_CODE             = EVT.PROCESS_STATUS_CODE
       AND  ENT.APPLICATION_ID          = EVT.APPLICATION_ID
       AND  ENT.ENTITY_ID               = EVT.ENTITY_ID
       AND  XET.APPLICATION_ID          = ENT.APPLICATION_ID
       AND  XET.ENTITY_CODE             = ENT.ENTITY_CODE
       AND  XET.EVENT_TYPE_CODE         = EVT.EVENT_TYPE_CODE
       AND  XEC.APPLICATION_ID          = XET.APPLICATION_ID
       AND  XEC.ENTITY_CODE             = XET.ENTITY_CODE
       AND  XEC.EVENT_CLASS_CODE        = XET.EVENT_CLASS_CODE
       AND  XEC.LANGUAGE                = USERENV('LANG')
   )TABLE2
WHERE :P_REPORT_STYLE = 'D'

]]>
</sqlStatement>
</dataQuery>

<dataTrigger name="beforeReport" source="XLA_CREATE_ACCT_RPT_PVT.BeforeReport"/>

<dataStructure>
<group name="APPLICATION"  source="Q_APPLICATION">
   <element name="APPLICATION_ID"  value="APPLICATION_ID"/>
   <element name="APPLICATION_NAME"  value="APPLICATION_NAME"/>
   <group name="APPLICATION_FLAG"  source="Q_AE_FLAGS">
      <element name="CF_PROCESSED_EVT_FLAG"  value="PROCESSED_EVT_FLAG"/>
      <element name="CF_ERR_EVT_FLAG"  value="ERR_EVT_FLAG"/>
   </group>
   <group name="NO_ACTION_EVT" source="Q_NO_ACTION_EVENTS">
      <element name="ENTITY_CODE"  value="ENTITY_CODE"/>
      <element name="EVENT_CLASS_CODE"  value="EVENT_CLASS_CODE"/>  
      <element name="EVENT_CLASS_NAME"  value="EVENT_CLASS_NAME"/>
      <element name="NO_ACTION_EVENT_COUNT"  value="NO_ACTION_EVENT_COUNT"/> 
   </group>      
   <group name="ACCT_PROG_ERRORS"  source="Q_APPLICATION_ERR">
      <element name="APPL_MESSAGE_NUMBER"  value="APPL_MESSAGE_NUMBER"/>
      <element name="APPL_ERROR_MSG"  value="APPL_ERROR_MSG"/>
   </group>
   <group name="EVENT_CLASS_S"  source="Q_AE_CLASS_SUMMARY">
      <element name="ENTITY_CODE"  value="ENT_CODE"/>
      <element name="EVENT_CLASS_NAME"  value="EVENT_CLASS_NAME"/>
      <element name="EVENT_CLASS_CODE"  value="EVT_CLASS_CODE"/>
      <element name="ENTITY_COUNT"    value="ENTITY_COUNT"/>
      <element name="PROCESSED_EVENT_COUNT"    value="PROCESSED_COUNT"/>
      <element name="ERRORED_EVENT_COUNT"    value="ERRORED_COUNT"/>
      <group name="LEDGER_S"  source="Q_AE_CLASS_SUMMARY">
         <element name="LEDGER_ID"  value="LEDGER_ID"/>
         <element name="LEDGER_NAME"  value="LEDGER_NAME"/>
         <group name="BALANCE_TYPE_S"  source="Q_AE_CLASS_SUMMARY">
            <element name="BALANCE_TYPE"  value="BALANCE_TYPE"/>
            <element name="JE_CREATED_COUNT"  value="JE_CREATED_COUNT"/>
            <element name="JE_TRANSFERRED_COUNT"  value="JE_TRANSFERRED_COUNT"/>
            <element name="JE_NOT_TRANSFERRED_COUNT"  value="JE_NOT_TRANSFERRED_COUNT"/>
         </group>
      </group>
   </group>
   <group name="EVENT"  source="Q_EVENTS">
      <element name="EVENT_CLASS_CODE"  value="EVENT_CLASS_CODE"/>
      <element name="EVENT_CLASS_NAME" value="EVENT_CLASS_NAME"/>
      <element name="EVENT_ID"  value="EVENT_ID"/>
      <element name="ENTITY_ID"  value="ENTITY_ID"/>
      <element name="EVENT_TYPE_NAME"  value="EVENT_TYPE_NAME"/>
      <element name="EVENT_STATUS_CODE"  value="EVENT_STATUS_CODE"/>
      <element name="EVENT_STATUS"  value="EVENT_STATUS"/>
      <element name="EVENT_NUMBER"  value="EVENT_NUMBER"/>
      <element name="EVENT_DATE"  value="EVENT_DATE"/>
      <element name="USER_TRX_IDENTIFIER_NAME_1"  value="USER_TRX_IDENTIFIER_NAME_1"/>
      <element name="USER_TRX_IDENTIFIER_VALUE_1"  value="USER_TRX_IDENTIFIER_VALUE_1"/>
      <element name="USER_TRX_IDENTIFIER_NAME_2"  value="USER_TRX_IDENTIFIER_NAME_2"/>
      <element name="USER_TRX_IDENTIFIER_VALUE_2"  value="USER_TRX_IDENTIFIER_VALUE_2"/>
      <element name="USER_TRX_IDENTIFIER_NAME_3"  value="USER_TRX_IDENTIFIER_NAME_3"/>
      <element name="USER_TRX_IDENTIFIER_VALUE_3"  value="USER_TRX_IDENTIFIER_VALUE_3"/>
      <element name="USER_TRX_IDENTIFIER_NAME_4"  value="USER_TRX_IDENTIFIER_NAME_4"/>
      <element name="USER_TRX_IDENTIFIER_VALUE_4"  value="USER_TRX_IDENTIFIER_VALUE_4"/>
      <element name="USER_TRX_IDENTIFIER_NAME_5"  value="USER_TRX_IDENTIFIER_NAME_5"/>
      <element name="USER_TRX_IDENTIFIER_VALUE_5"  value="USER_TRX_IDENTIFIER_VALUE_5"/>
      <element name="USER_TRX_IDENTIFIER_NAME_6"  value="USER_TRX_IDENTIFIER_NAME_6"/>
      <element name="USER_TRX_IDENTIFIER_VALUE_6"  value="USER_TRX_IDENTIFIER_VALUE_6"/>
      <element name="USER_TRX_IDENTIFIER_NAME_7"  value="USER_TRX_IDENTIFIER_NAME_7"/>
      <element name="USER_TRX_IDENTIFIER_VALUE_7"  value="USER_TRX_IDENTIFIER_VALUE_7"/>
      <element name="USER_TRX_IDENTIFIER_NAME_8"  value="USER_TRX_IDENTIFIER_NAME_8"/>
      <element name="USER_TRX_IDENTIFIER_VALUE_8"  value="USER_TRX_IDENTIFIER_VALUE_8"/>
      <element name="USER_TRX_IDENTIFIER_NAME_9"  value="USER_TRX_IDENTIFIER_NAME_9"/>
      <element name="USER_TRX_IDENTIFIER_VALUE_9"  value="USER_TRX_IDENTIFIER_VALUE_9"/>
      <element name="USER_TRX_IDENTIFIER_NAME_10"  value="USER_TRX_IDENTIFIER_NAME_10"/>
      <element name="USER_TRX_IDENTIFIER_VALUE_10"  value="USER_TRX_IDENTIFIER_VALUE_10"/>
      <group name="AE_HEADERS"  source="Q_EVENTS">
         <element name="LEDGER_ID"  value="LEDGER_ID"/>
         <element name="AE_HEADER_ID"  value="AE_HEADER_ID"/>
         <element name="BALANCE_TYPE"  value="BALANCE_TYPE"/>
         <element name="GL_DATE"  value="GL_DATE"/>
         <element name="LEDGER_NAME"  value="LEDGER_NAME"/>
         <element name="COA_ID"  value="COA_ID"/>
         <element name="LEDGER_CURRENCY"  value="LEDGER_CURRENCY"/>
         <element name="PAD_VERSION"  value="PAD_VERSION"/>
         <element name="PAD_NAME"  value="PAD_NAME"/>
         <element name="BALANCE_TYPE_MEANING"  value="BALANCE_TYPE_MEANING"/>
         <element name="AE_DESCRIPTION"  value="AE_DESCRIPTION"/>
         <element name="AE_STATUS_CODE"  value="AE_STATUS_CODE"/>
         <element name="AE_STATUS_MEANING"  value="AE_STATUS_MEANING"/>
         <group name="AE_LINES"  source="Q_EVENTS">
            <element name="DISPLAYED_LINE_NUM"  value="DISPLAYED_LINE_NUM"/>
            <element name="AE_LINE_NUM"  value="AE_LINE_NUM"/>
            <element name="ERROR_AE_LINE_NUM"  value="ERROR_AE_LINE_NUM"/>
            <element name="ACCOUNTING_CLASS"  value="ACCOUNTING_CLASS"/>
            <element name="ACCOUNT_CCID"  value="ACCOUNT_CCID"/>
            <element name="ACCOUNT_SEGMENTS"    value="ACCOUNT_SEGMENTS"/>
            <element name="ENTERED_CURRENCY"  value="ENTERED_CURRENCY"/>
            <element name="ENTERED_DR"  value="ENTERED_DR"/>
            <element name="ENTERED_CR"  value="ENTERED_CR"/>
            <element name="ACCOUNTED_DR"  value="ACCOUNTED_DR"/>
            <element name="ACCOUNTED_CR"  value="ACCOUNTED_CR"/>
            <element name="CF_ENTERED_DR"   value="ENTERED_DR" function="CURRENCY_FORMAT" currencyCode="ENTERED_CURRENCY" width="19" />
            <element name="CF_ENTERED_CR"   value="ENTERED_CR" function="CURRENCY_FORMAT" currencyCode="ENTERED_CURRENCY" width="19" />
            <element name="CF_ACCOUNTED_DR"   value="ACCOUNTED_DR" function="CURRENCY_FORMAT" currencyCode="LEDGER_CURRENCY" width="19" />
            <element name="CF_ACCOUNTED_CR"   value="ACCOUNTED_CR" function="CURRENCY_FORMAT" currencyCode="LEDGER_CURRENCY" width="19" />
            <group name="AE_ERRORS"  source="Q_EVENTS">
               <element name="MESSAGE_NUMBER"  value="MESSAGE_NUMBER"/>
               <element name="ERROR_MESSAGE"  value="ENCODED_MSG"/>
            </group>
         </group>
      </group>
   </group>
   <group name="NO_ENTRY_EVENTS"  source="Q_NO_ENTRY_EVENTS">
      <element name="EVENT_ID"  value="EVENT_ID"/>
      <element name="EVENT_CLASS_NAME" value="EVENT_CLASS_NAME"/>
      <element name="EVENT_DATE"  value="EVENT_DATE"/>
      <element name="EVENT_STATUS_CODE"  value="EVENT_STATUS_CODE"/>
      <element name="EVENT_STATUS"  value="EVENT_STATUS"/>
      <element name="EVENT_TYPE_NAME"  value="EVENT_TYPE_NAME"/>
      <element name="EVENT_NUMBER"  value="EVENT_NUMBER"/>
      <element name="ENTITY_ID"  value="ENTITY_ID"/>
      <element name="USER_TRX_IDENTIFIER_NAME_1"  value="USER_TRX_IDENTIFIER_NAME_1"/>
      <element name="USER_TRX_IDENTIFIER_VALUE_1"  value="USER_TRX_IDENTIFIER_VALUE_1"/>
      <element name="USER_TRX_IDENTIFIER_NAME_2"  value="USER_TRX_IDENTIFIER_NAME_2"/>
      <element name="USER_TRX_IDENTIFIER_VALUE_2"  value="USER_TRX_IDENTIFIER_VALUE_2"/>
      <element name="USER_TRX_IDENTIFIER_NAME_3"  value="USER_TRX_IDENTIFIER_NAME_3"/>
      <element name="USER_TRX_IDENTIFIER_VALUE_3"  value="USER_TRX_IDENTIFIER_VALUE_3"/>
      <element name="USER_TRX_IDENTIFIER_NAME_4"  value="USER_TRX_IDENTIFIER_NAME_4"/>
      <element name="USER_TRX_IDENTIFIER_VALUE_4"  value="USER_TRX_IDENTIFIER_VALUE_4"/>
      <element name="USER_TRX_IDENTIFIER_NAME_5"  value="USER_TRX_IDENTIFIER_NAME_5"/>
      <element name="USER_TRX_IDENTIFIER_VALUE_5"  value="USER_TRX_IDENTIFIER_VALUE_5"/>
      <element name="USER_TRX_IDENTIFIER_NAME_6"  value="USER_TRX_IDENTIFIER_NAME_6"/>
      <element name="USER_TRX_IDENTIFIER_VALUE_6"  value="USER_TRX_IDENTIFIER_VALUE_6"/>
      <element name="USER_TRX_IDENTIFIER_NAME_7"  value="USER_TRX_IDENTIFIER_NAME_7"/>
      <element name="USER_TRX_IDENTIFIER_VALUE_7"  value="USER_TRX_IDENTIFIER_VALUE_7"/>
      <element name="USER_TRX_IDENTIFIER_NAME_8"  value="USER_TRX_IDENTIFIER_NAME_8"/>
      <element name="USER_TRX_IDENTIFIER_VALUE_8"  value="USER_TRX_IDENTIFIER_VALUE_8"/>
      <element name="USER_TRX_IDENTIFIER_NAME_9"  value="USER_TRX_IDENTIFIER_NAME_9"/>
      <element name="USER_TRX_IDENTIFIER_VALUE_9"  value="USER_TRX_IDENTIFIER_VALUE_9"/>
      <element name="USER_TRX_IDENTIFIER_NAME_10"  value="USER_TRX_IDENTIFIER_NAME_10"/>
      <element name="USER_TRX_IDENTIFIER_VALUE_10"  value="USER_TRX_IDENTIFIER_VALUE_10"/>
   </group>
</group>
</dataStructure>
<dataTrigger name="afterReport" source="XLA_CREATE_ACCT_RPT_PVT.AfterReport"/>
</dataTemplate>

