<?xml version = '1.0' encoding = 'UTF-8'?>
<oa:listOfValues version="10.1.3_1086" xml:lang="en-US" xmlns:oa="http://xmlns.oracle.com/oa" xmlns:jrad="http://xmlns.oracle.com/jrad" xmlns:ui="http://xmlns.oracle.com/uix/ui" xmlns:user="http://xmlns.oracle.com/jrad/user" xmlns="http://xmlns.oracle.com/jrad" file-version="$Header: SaeGraItemLovRN.xml 120.3 12/06/2020 12:00:00 appldev ship $" scope="/" amDefName="xxsae.oracle.apps.xbol.gra.lov.server.SaeGraLovAM">
   <ui:contents>
      <oa:table name="SaeGraItemLovRN" id="SaeGraItemLovTable">
         <ui:contents>
            <oa:messageStyledText id="Item" dataType="VARCHAR2" prompt="Item" viewName="SaeGraItemLovVO" viewAttr="Item" maximumLength="40" queryable="true" sortState="yes"/>
            <oa:messageStyledText id="Description" dataType="VARCHAR2" prompt="Descrição" viewName="SaeGraItemLovVO" viewAttr="Description" maximumLength="240" queryable="true" sortState="yes"/>
            <oa:messageStyledText id="PrimaryUomCode" dataType="VARCHAR2" prompt="UDM" viewName="SaeGraItemLovVO" viewAttr="PrimaryUomCode" maximumLength="3"/>
            <oa:formValue id="InventoryItemId" dataType="NUMBER" prompt="InventoryItemId" viewName="SaeGraItemLovVO" viewAttr="InventoryItemId"/>
         </ui:contents>
      </oa:table>
   </ui:contents>
</oa:listOfValues>
