<?xml version = '1.0' encoding = 'UTF-8'?>
<oa:listOfValues version="10.1.3_1086" xml:lang="en-US" xmlns:oa="http://xmlns.oracle.com/oa" xmlns:jrad="http://xmlns.oracle.com/jrad" xmlns:ui="http://xmlns.oracle.com/uix/ui" xmlns:user="http://xmlns.oracle.com/jrad/user" xmlns="http://xmlns.oracle.com/jrad" file-version="$Header: SaeGraDestinoLovRN.xml 120.3 12/06/2020 12:00:00 appldev ship $" scope="/" amDefName="xxsae.oracle.apps.xbol.gra.lov.server.SaeGraLovAM">
   <ui:contents>
      <oa:table name="SaeGraDestinoLovRN" id="SaeGraDestinoLovTable" width="100%">
         <ui:contents>
            <oa:messageStyledText id="RazaoSocial" dataType="VARCHAR2" prompt="Nome Fornecedor" viewName="SaeGraDestinoLovVO" viewAttr="RazaoSocial" maximumLength="240" queryable="true" sortState="yes"/>
            <oa:messageStyledText id="Cnpj" dataType="VARCHAR2" prompt="CNPJ / CPF" viewName="SaeGraDestinoLovVO" viewAttr="Cnpj" maximumLength="22" queryable="true" sortState="yes"/>
            <oa:messageStyledText id="Endereco" dataType="VARCHAR2" prompt="Endereço" viewName="SaeGraDestinoLovVO" viewAttr="Endereco" maximumLength="1091"/>
            <oa:messageStyledText id="Zip" dataType="VARCHAR2" prompt="CEP" viewName="SaeGraDestinoLovVO" viewAttr="Zip" maximumLength="20"/>
            <oa:formValue id="VendorSiteId" dataType="NUMBER" prompt="VendorSiteId" viewName="SaeGraDestinoLovVO" viewAttr="VendorSiteId"/>
         </ui:contents>
      </oa:table>
   </ui:contents>
</oa:listOfValues>
