<?xml version = '1.0' encoding = 'UTF-8'?>
<oa:listOfValues version="10.1.3_1086" xml:lang="en-US" xmlns:oa="http://xmlns.oracle.com/oa" xmlns:jrad="http://xmlns.oracle.com/jrad" xmlns:ui="http://xmlns.oracle.com/uix/ui" xmlns:user="http://xmlns.oracle.com/jrad/user" xmlns="http://xmlns.oracle.com/jrad" file-version="$Header: SaeGraAtivoLovRN.xml 120.5 12/06/2020 12:00:00 appldev ship $" scope="/" amDefName="xxsae.oracle.apps.xbol.gra.lov.server.SaeGraLovAM">
   <ui:contents>
      <oa:table name="SaeGraAtivoLovRN" id="SaeGraAtivoLovTable" width="100%">
         <ui:contents>
            <oa:messageStyledText id="InstanceNumber" dataType="VARCHAR2" prompt="Ativo" viewName="SaeGraAtivoLovVO" viewAttr="InstanceNumber" maximumLength="30" queryable="true"/>
            <oa:messageStyledText id="DescriptiveText" dataType="VARCHAR2" prompt="Descrição" viewName="SaeGraAtivoLovVO" viewAttr="DescriptiveText" maximumLength="240" queryable="true"/>
            <oa:messageStyledText id="PrimaryUomCode" dataType="VARCHAR2" prompt="UDM" viewName="SaeGraAtivoLovVO" viewAttr="PrimaryUomCode" maximumLength="3"/>
         </ui:contents>
      </oa:table>
   </ui:contents>
</oa:listOfValues>
