<?xml version = '1.0' encoding = 'UTF-8'?>
<oa:listOfValues version="10.1.3_1086" xml:lang="en-US" xmlns:oa="http://xmlns.oracle.com/oa" xmlns:jrad="http://xmlns.oracle.com/jrad" xmlns:ui="http://xmlns.oracle.com/uix/ui" xmlns:user="http://xmlns.oracle.com/jrad/user" xmlns="http://xmlns.oracle.com/jrad" file-version="$Header: SaeGraWorkRequestLovRN.xml 120.1 15/06/2020 12:00:00 appldev ship $" scope="/" amDefName="xxsae.oracle.apps.xbol.gra.lov.server.SaeGraLovAM">
   <ui:contents>
      <oa:table name="SaeGraWorkRequestLovRN" id="SaeGraWorkRequestLovTable">
         <ui:contents>
            <oa:formValue id="WorkRequestId" dataType="NUMBER" prompt="WorkRequestId" viewName="SaeGraWorkRequestLovVO" viewAttr="WorkRequestId"/>
            <oa:messageStyledText id="WorkRequestNumber" dataType="VARCHAR2" prompt="Solicitação" viewName="SaeGraWorkRequestLovVO" viewAttr="WorkRequestNumber" maximumLength="64" queryable="true" sortState="yes"/>
            <oa:messageStyledText id="CreationDate" dataType="DATE" prompt="Data Criação" viewName="SaeGraWorkRequestLovVO" viewAttr="CreationDate" sortState="yes" queryable="true"/>
            <oa:messageStyledText id="Description" dataType="VARCHAR2" prompt="Descrição" viewName="SaeGraWorkRequestLovVO" viewAttr="Description" maximumLength="240" sortState="yes"/>
            <oa:messageStyledText id="Tipo" dataType="VARCHAR2" prompt="Tipo" viewName="SaeGraWorkRequestLovVO" viewAttr="Tipo" maximumLength="80" sortState="yes" queryable="true"/>
            <oa:messageStyledText id="Status" dataType="VARCHAR2" prompt="Status" viewName="SaeGraWorkRequestLovVO" viewAttr="Status" maximumLength="80"/>
            <oa:messageStyledText id="AssetNumber" dataType="VARCHAR2" prompt="Ativo" viewName="SaeGraWorkRequestLovVO" viewAttr="AssetNumber" maximumLength="30" sortState="yes" queryable="true"/>
         </ui:contents>
      </oa:table>
   </ui:contents>
</oa:listOfValues>
