<?xml version = '1.0' encoding = 'UTF-8'?>
<page xmlns:jrad="http://xmlns.oracle.com/jrad" xmlns:oa="http://xmlns.oracle.com/oa" xmlns:ui="http://xmlns.oracle.com/uix/ui" version="10.1.3_1086" xml:lang="en-US" xmlns:user="http://xmlns.oracle.com/jrad/user" xmlns="http://xmlns.oracle.com/jrad" file-version="$Header: SaeGraReopenPG.xml 120.2 12/06/2020 12:00:00 appldev ship $">
   <content>
      <oa:pageLayout id="PageLayout" controllerClass="xxsae.oracle.apps.xbol.gra.webui.SaeGraReopenCO" amDefName="xxsae.oracle.apps.xbol.gra.server.SaeGraAM" windowTitle="Guia de Recolhimento de Almoxarifado" title="Etapa de Atendimento">
         <ui:corporateBranding>
            <oa:image id="corporateBrandingImage" source="/OA_MEDIA/FNDSSCORP.gif"/>
         </ui:corporateBranding>
         <ui:contents>
            <oa:pageButtonBar id="PageButtons">
               <ui:contents>
                  <oa:submitButton id="Reabrir" text="Reabrir GRA" prompt="Reabrir GRA" shortDesc="Realizar reabertura da GRA"/>
                  <oa:submitButton id="Voltar" text="Voltar" prompt="Voltar" shortDesc="Não realizar a reabertura da GRA" serverUnvalidated="true" unvalidated="true"/>
               </ui:contents>
            </oa:pageButtonBar>
            <oa:header id="StageRN" text="Registro de Etapa de Atendimento">
               <ui:contents>
                  <oa:messageComponentLayout id="StagesMainGRA" width="100%" rows="3" columns="2" promptWidth="30%" fieldWidth="70%">
                     <ui:contents>
                        <oa:messageChoice id="St_StageAction" required="yes" dataType="VARCHAR2" pickListViewDef="xxsae.oracle.apps.xbol.gra.poplist.server.SaeGraStageStatusVO" pickListDispAttr="Meaning" pickListValAttr="LookupCode" prompt="Ação" viewName="SaeGraStagesVO" viewAttr="StageAction" readOnly="false"/>
                        <oa:messageTextInput id="St_StageNote" required="yes" prompt="Observação" columns="100" rows="3" viewName="SaeGraStagesVO" viewAttr="StageNote"/>
                     </ui:contents>
                  </oa:messageComponentLayout>
                  <oa:formValue id="St_ForecastDate" dataType="DATE" prompt="ForecastDate" viewName="SaeGraStagesVO" viewAttr="ForecastDate"/>
                  <oa:formValue id="St_Reference" prompt="Reference" viewName="SaeGraStagesVO" viewAttr="Reference"/>
                  <oa:formValue id="St_Period" prompt="Period" viewName="SaeGraStagesVO" viewAttr="Period"/>
                  <oa:formValue id="St_AmountReceived" dataType="NUMBER" prompt="AmountReceived" viewName="SaeGraStagesVO" viewAttr="AmountReceived"/>
                  <oa:formValue id="St_Email" prompt="Email" viewName="SaeGraStagesVO" viewAttr="Email"/>
                  <oa:formValue id="St_ServiceRequestNum" dataType="NUMBER" prompt="ServiceRequestNum" viewName="SaeGraStagesVO" viewAttr="ServiceRequestNum"/>
                  <oa:formValue id="St_StageId" dataType="NUMBER" prompt="StageId" viewName="SaeGraStagesVO" viewAttr="StageId"/>
                  <oa:formValue id="St_HeaderId" dataType="NUMBER" prompt="HeaderId" viewName="SaeGraStagesVO" viewAttr="HeaderId"/>
                  <oa:formValue id="St_StageDate" dataType="DATE" prompt="StageDate" viewName="SaeGraStagesVO" viewAttr="StageDate"/>
                  <oa:formValue id="St_CreationDate" dataType="DATE" prompt="CreationDate" viewName="SaeGraStagesVO" viewAttr="CreationDate"/>
                  <oa:formValue id="St_CreatedBy" dataType="NUMBER" prompt="CreatedBy" viewName="SaeGraStagesVO" viewAttr="CreatedBy"/>
                  <oa:formValue id="St_LastUpdateDate" dataType="DATE" prompt="LastUpdateDate" viewName="SaeGraStagesVO" viewAttr="LastUpdateDate"/>
                  <oa:formValue id="St_CreationUser" prompt="CreationUser" viewName="SaeGraStagesVO" viewAttr="CreationUser"/>
                  <oa:formValue id="St_LastUpdatedBy" dataType="NUMBER" prompt="LastUpdatedBy" viewName="SaeGraStagesVO" viewAttr="LastUpdatedBy"/>
                  <oa:formValue id="St_LastUpdateLogin" dataType="NUMBER" prompt="LastUpdateLogin" viewName="SaeGraStagesVO" viewAttr="LastUpdateLogin"/>
               </ui:contents>
            </oa:header>
         </ui:contents>
      </oa:pageLayout>
   </content>
</page>
