<?xml version = '1.0' encoding = 'UTF-8'?>
<page xmlns:jrad="http://xmlns.oracle.com/jrad" xmlns:oa="http://xmlns.oracle.com/oa" xmlns:ui="http://xmlns.oracle.com/uix/ui" version="10.1.3_1086" xml:lang="en-US" xmlns:user="http://xmlns.oracle.com/jrad/user" xmlns="http://xmlns.oracle.com/jrad" file-version="$Header: SaeGraCreatePG.xml 120.5 12/06/2020 12:00:00 appldev ship $">
   <content>
      <oa:pageLayout id="PageLayout" windowTitle="Guia de Recolhimento de Almoxarifado" title="Criação de GRA" amDefName="xxsae.oracle.apps.xbol.gra.server.SaeGraAM" controllerClass="xxsae.oracle.apps.xbol.gra.webui.SaeGraCreateCO">
         <ui:corporateBranding>
            <oa:image id="corporateBrandingImage" source="/OA_MEDIA/FNDSSCORP.gif"/>
         </ui:corporateBranding>
         <ui:contents>
            <oa:pageButtonBar id="PageButtons">
               <ui:contents>
                  <oa:submitButton id="Cancelar" text="Cancelar" prompt="Cancelar" serverUnvalidated="true" unvalidated="true"/>
                  <oa:submitButton id="Salvar" text="Salvar" prompt="Salvar"/>
                  <oa:submitButton id="Voltar" text="Voltar" prompt="Voltar"/>
               </ui:contents>
            </oa:pageButtonBar>
            <oa:header id="MainRN" text="Dados do Emitente">
               <ui:contents>
                  <oa:messageComponentLayout id="MainGRA" width="100%" rows="5" columns="2" promptWidth="30%" fieldWidth="70%">
                     <ui:contents>
                        <oa:messageTextInput id="HeaderId" dataType="NUMBER" prompt="Número GRA" viewName="SaeGraHeadersVO" viewAttr="HeaderId" styleClass="OraDataText" readOnly="true"/>
                        <oa:messageLovInput id="Solicitante" dataType="VARCHAR2" prompt="Solicitante" viewName="SaeGraHeadersVO" viewAttr="Solicitante" maximumLength="150" externalListOfValues="/xxsae/oracle/apps/xbol/gra/lov/webui/SaeGraSolicitanteLovRN" required="yes" columns="60" queryable="true">
                           <lovMappings>
                              <lovMap id="SolicitanteLovMap" lovItem="LastName" resultTo="Solicitante" criteriaFrom="Solicitante"/>
                              <lovMap id="MatriculaLovMap" lovItem="EmployeeNumber" resultTo="Matricula"/>
                              <lovMap id="PersonIdLovMap" lovItem="PersonId" resultTo="UserRequester"/>
                           </lovMappings>
                        </oa:messageLovInput>
                        <oa:messageTextInput id="Matricula" dataType="VARCHAR2" prompt="Matricula" viewName="SaeGraHeadersVO" viewAttr="Matricula" maximumLength="30" styleClass="OraBIBorderDatabody"/>
                        <oa:messageChoice id="Area" dataType="VARCHAR2" prompt="Area" viewName="SaeGraHeadersVO" viewAttr="Area" required="yes" pickListViewDef="xxsae.oracle.apps.xbol.gra.poplist.server.SaeGraAreasVO" pickListDispAttr="Meaning" pickListValAttr="LookupCode"/>
                        <oa:messageChoice id="Priority" dataType="VARCHAR2" prompt="Prioridade" viewName="SaeGraHeadersVO" viewAttr="Priority" required="yes" pickListViewDef="xxsae.oracle.apps.xbol.gra.poplist.server.SaeGraPrioridadesVO" pickListDispAttr="Meaning" pickListValAttr="LookupCode"/>
                        <oa:messageTextInput id="GraStatus" dataType="VARCHAR2" prompt="Status Atual" viewName="SaeGraHeadersVO" viewAttr="GraStatus" maximumLength="4000" sortState="no" styleClass="OraDataText" readOnly="true"/>
                        <oa:messageChoice id="TypeCode" dataType="VARCHAR2" prompt="Tipo de GRA" viewName="SaeGraHeadersVO" viewAttr="TypeCode" required="yes" pickListDispAttr="Meaning" pickListValAttr="LookupCode" pickListViewDef="xxsae.oracle.apps.xbol.gra.poplist.server.SaeGraTiposVO"/>
                        <oa:messageChoice id="FreightMode" dataType="VARCHAR2" prompt="Modalidade de Frete" viewName="SaeGraHeadersVO" viewAttr="FreightMode" required="yes" pickListViewDef="xxsae.oracle.apps.xbol.gra.poplist.server.SaeGraModalFreteVO" pickListDispAttr="Meaning" pickListValAttr="LookupCode"/>
                        <oa:messageChoice id="FreightPayer" dataType="VARCHAR2" prompt="Pagador de Frete" viewName="SaeGraHeadersVO" viewAttr="FreightPayer" required="yes" pickListViewDef="xxsae.oracle.apps.xbol.gra.poplist.server.SaeGraPagadorFreteVO" pickListDispAttr="Meaning" pickListValAttr="LookupCode"/>
                     </ui:contents>
                  </oa:messageComponentLayout>
               </ui:contents>
            </oa:header>
            <oa:header id="VendorRN" text="Dados do Destinatário">
               <ui:contents>
                  <oa:messageComponentLayout id="VendorGRA" width="100%" rows="3" columns="2" promptWidth="30%" fieldWidth="70%">
                     <ui:contents>
                        <oa:messageLovInput id="Cnpj" dataType="VARCHAR2" prompt="CNPJ" viewName="SaeGraHeadersVO" viewAttr="Cnpj" maximumLength="22" required="yes" externalListOfValues="/xxsae/oracle/apps/xbol/gra/lov/webui/SaeGraDestinoLovRN" queryable="true" columns="22">
                           <lovMappings>
                              <lovMap id="CnpjLovMap" lovItem="Cnpj" resultTo="Cnpj" criteriaFrom="Cnpj"/>
                              <lovMap id="RazaoSocialLovMap" lovItem="RazaoSocial" resultTo="RazaoSocial"/>
                              <lovMap id="EnderecoLovMap" lovItem="Endereco" resultTo="Endereco"/>
                              <lovMap id="ZipLovMap" lovItem="Zip" resultTo="Zip"/>
                              <lovMap id="SiteIdLovMap" lovItem="VendorSiteId" resultTo="VendorSiteId"/>
                           </lovMappings>
                        </oa:messageLovInput>
                        <oa:messageTextInput id="RazaoSocial" dataType="VARCHAR2" prompt="Razão Social" viewName="SaeGraHeadersVO" viewAttr="RazaoSocial" maximumLength="240" styleClass="OraBIBorderDatabody" columns="80"/>
                        <oa:messageTextInput id="Endereco" dataType="VARCHAR2" prompt="Endereço" viewName="SaeGraHeadersVO" viewAttr="Endereco" maximumLength="1091" styleClass="OraBIBorderDatabody" columns="80"/>
                        <oa:messageTextInput id="Zip" dataType="VARCHAR2" prompt="CEP" viewName="SaeGraHeadersVO" viewAttr="Zip" maximumLength="20" styleClass="OraBIBorderDatabody"/>
                        <oa:messageLovInput id="Contato" dataType="VARCHAR2" prompt="Contato" viewName="SaeGraHeadersVO" viewAttr="Contato" maximumLength="31" required="yes" queryable="true" externalListOfValues="/xxsae/oracle/apps/xbol/gra/lov/webui/SaeGraContatoLovRN" columns="31">
                           <lovMappings>
                              <lovMap id="ContatoLovMap" lovItem="Contato" resultTo="Contato" criteriaFrom="Contato"/>
                              <lovMap id="EmailLovMap" lovItem="Email" resultTo="Email"/>
                              <lovMap id="TelefoneLovMap" lovItem="Telefone" resultTo="Telefone"/>
                              <lovMap id="VendorContactIdLovMap" lovItem="VendorContactId" resultTo="VendorContactId"/>
                              <lovMap id="VendorSiteIdLovMap" lovItem="VendorSiteId" criteriaFrom="VendorSiteId"/>
                           </lovMappings>
                        </oa:messageLovInput>
                        <oa:messageTextInput id="Telefone" dataType="VARCHAR2" prompt="Telefone" viewName="SaeGraHeadersVO" viewAttr="Telefone" maximumLength="53" styleClass="OraBIBorderDatabody"/>
                        <oa:messageTextInput id="Email" dataType="VARCHAR2" prompt="Email" viewName="SaeGraHeadersVO" viewAttr="Email" maximumLength="2000" styleClass="OraBIBorderDatabody" columns="60"/>
                     </ui:contents>
                  </oa:messageComponentLayout>
               </ui:contents>
            </oa:header>
            <oa:header id="LinesRN" text="Itens da GRA">
               <ui:contents>
                  <oa:table id="SaeGraLinesTable" width="100%">
                     <ui:contents>
                        <oa:messageLovInput id="InstanceNumber" dataType="VARCHAR2" prompt="Ativo" viewName="SaeGraLinesVO" viewAttr="InstanceNumber" maximumLength="30" externalListOfValues="/xxsae/oracle/apps/xbol/gra/lov/webui/SaeGraAtivoLovRN" queryable="true">
                           <lovMappings>
                              <lovMap id="InstanceNumberLovMap" lovItem="InstanceNumber" resultTo="InstanceNumber" criteriaFrom="InstanceNumber"/>
                              <lovMap id="DescAtivoLovMap" lovItem="DescriptiveText" resultTo="Description"/>
                              <lovMap id="AtivoUOMLovMap" resultTo="PrimaryUomCode" lovItem="PrimaryUomCode"/>
                           </lovMappings>
                        </oa:messageLovInput>
                        <oa:messageLovInput id="Item" dataType="VARCHAR2" prompt="Item" viewName="SaeGraLinesVO" viewAttr="Item" required="no" queryable="true" externalListOfValues="/xxsae/oracle/apps/xbol/gra/lov/webui/SaeGraItemLovRN">
                           <lovMappings>
                              <lovMap id="ItemLovMap" lovItem="Item" resultTo="Item" criteriaFrom="Item"/>
                              <lovMap id="ItemDescLovMap" lovItem="Description" resultTo="Description"/>
                              <lovMap id="UDMLovMap" lovItem="PrimaryUomCode" resultTo="PrimaryUomCode"/>
                              <lovMap id="ItemIdLovMap" lovItem="InventoryItemId" resultTo="ItemId"/>
                           </lovMappings>
                        </oa:messageLovInput>
                        <oa:switcher id="DeleteSwitcher" viewName="SaeGraLinesVO" viewAttr="DeleteSwitcher">
                           <ui:case name="DeleteEnabled">
                              <oa:image id="DeleteEnabled" source="deleteicon_enabled.gif" serverUnvalidated="true">
                                 <ui:primaryClientAction>
                                    <ui:fireAction event="deleteLineGRA" id="fireAction1" unvalidated="true">
                                       <ui:parameters>
                                          <ui:parameter key="pGraLineId" value="${oa.SaeGraLinesVO.LineId}"/>
                                       </ui:parameters>
                                    </ui:fireAction>
                                 </ui:primaryClientAction>
                              </oa:image>
                           </ui:case>
                           <ui:case name="DeleteDisabled">
                              <oa:image id="DeleteDisabled" source="deleteicon_disabled.gif"/>
                           </ui:case>
                        </oa:switcher>
                        <oa:messageTextInput id="Description" dataType="VARCHAR2" prompt="Descrição" viewName="SaeGraLinesVO" viewAttr="Description" styleClass="OraBIBorderDatabody" maximumLength="240" columns="50"/>
                        <oa:messageTextInput id="PrimaryUomCode" dataType="VARCHAR2" prompt="UDM" viewName="SaeGraLinesVO" viewAttr="PrimaryUomCode" maximumLength="3" styleClass="OraBIBorderDatabody" columns="3"/>
                        <oa:messageTextInput id="Quantity" dataType="NUMBER" prompt="Quantidade" viewName="SaeGraLinesVO" viewAttr="Quantity" required="yes" columns="5"/>
                        <oa:messageChoice id="ReferenceType" dataType="VARCHAR2" prompt="Referencia" viewName="SaeGraLinesVO" viewAttr="ReferenceType" pickListViewDef="xxsae.oracle.apps.xbol.gra.poplist.server.SaeGraReferenciaVO" pickListDispAttr="Meaning" pickListValAttr="LookupCode"/>
                        <oa:messageTextInput id="ReferenceNumber" dataType="VARCHAR2" prompt="Número" viewName="SaeGraLinesVO" viewAttr="ReferenceNumber" maximumLength="30"/>
                        <oa:messageTextInput id="LineNote" dataType="VARCHAR2" prompt="Observação" viewName="SaeGraLinesVO" viewAttr="LineNote" columns="50"/>
                        <oa:formValue id="LineId" dataType="NUMBER" prompt="LineId" viewName="SaeGraLinesVO" viewAttr="LineId"/>
                        <oa:formValue id="ItemId" dataType="NUMBER" prompt="ItemId" viewName="SaeGraLinesVO" viewAttr="ItemId"/>
                        <oa:formValue id="CreationDateLn" dataType="DATE" prompt="CreationDate" viewName="SaeGraLinesVO" viewAttr="CreationDate"/>
                        <oa:formValue id="HeaderIdLn" dataType="NUMBER" prompt="HeaderId" viewName="SaeGraLinesVO" viewAttr="HeaderId"/>
                        <oa:formValue id="CreatedByLn" dataType="NUMBER" prompt="CreatedBy" viewName="SaeGraLinesVO" viewAttr="CreatedBy"/>
                        <oa:formValue id="LastUpdateDateLn" dataType="DATE" prompt="LastUpdateDate" viewName="SaeGraLinesVO" viewAttr="LastUpdateDate"/>
                        <oa:formValue id="LastUpdatedByLn" dataType="NUMBER" prompt="LastUpdatedBy" viewName="SaeGraLinesVO" viewAttr="LastUpdatedBy"/>
                        <oa:formValue id="LastUpdateLoginLn" dataType="NUMBER" prompt="LastUpdateLogin" viewName="SaeGraLinesVO" viewAttr="LastUpdateLogin"/>
                     </ui:contents>
                     <ui:tableActions>
                        <oa:flowLayout id="ButtonLayoutRN">
                           <ui:contents>
                              <oa:submitButton id="AddLinhas" text="Adicionar Linhas" prompt="Adicionar Linhas" unvalidated="true" serverUnvalidated="true"/>
                              <oa:submitButton id="SalvarLinhas" text="Salvar Linhas" prompt="Salvar Linhas"/>
                           </ui:contents>
                        </oa:flowLayout>
                     </ui:tableActions>
                  </oa:table>
               </ui:contents>
            </oa:header>
            <oa:attachmentTable id="attachItem" viewName="SaeGraHeadersVO" text="Anexos" enableDocumentCatalog="false">
               <oa:entityMappings>
                  <oa:entityMap id="entityMap1" entityId="SAE_GRA_HEADERS">
                     <oa:primaryKeys>
                        <oa:primaryKey id="HEADER_ID" viewAttr="HeaderId"/>
                     </oa:primaryKeys>
                  </oa:entityMap>
               </oa:entityMappings>
            </oa:attachmentTable>
            <oa:formValue id="VendorSiteId" dataType="NUMBER" prompt="VendorSiteId" viewName="SaeGraHeadersVO" viewAttr="VendorSiteId"/>
            <oa:formValue id="VendorContactId" dataType="NUMBER" prompt="VendorContactId" viewName="SaeGraHeadersVO" viewAttr="VendorContactId"/>
            <oa:formValue id="UserRequester" dataType="NUMBER" prompt="UserRequester" viewName="SaeGraHeadersVO" viewAttr="UserRequester"/>
            <oa:formValue id="CreatedBy" dataType="NUMBER" prompt="CreatedBy" viewName="SaeGraHeadersVO" viewAttr="CreatedBy"/>
            <oa:formValue id="CreationDate" dataType="DATE" prompt="CreationDate" viewName="SaeGraHeadersVO" viewAttr="CreationDate"/>
            <oa:formValue id="LastUpdatedBy" dataType="NUMBER" prompt="LastUpdatedBy" viewName="SaeGraHeadersVO" viewAttr="LastUpdatedBy"/>
            <oa:formValue id="LastUpdateDate" dataType="DATE" prompt="LastUpdateDate" viewName="SaeGraHeadersVO" viewAttr="LastUpdateDate"/>
            <oa:formValue id="LastUpdateLogin" dataType="NUMBER" prompt="LastUpdateLogin" viewName="SaeGraHeadersVO" viewAttr="LastUpdateLogin"/>
         </ui:contents>
      </oa:pageLayout>
   </content>
</page>
