<dataTemplate name="NFEE_REL_INCONSISTENCIA" Version="1.0">
<!-- $Header: NFEE_REL_INCONSISTENCIA.xml 122.5.14.012 13:59 18/12/2018 ninecon ship $ -->
  <parameters>
    <parameter name="P_ORGANIZATION_CODE"  dataType="VARCHAR2"/>
    <parameter name="P_USER_NAME"          dataType="VARCHAR2"/>
    <parameter name="P_RECEIVE_DATE_DE"    dataType="VARCHAR2"/>
    <parameter name="P_RECEIVE_DATE_ATE"   dataType="VARCHAR2"/>
    <parameter name="P_VENDOR_ID"          dataType="NUMBER"/>
    <parameter name="P_STATUS_SEFAZ"       dataType="VARCHAR2"/>
    <parameter name="P_REVERSION_FLAG"     dataType="VARCHAR2"/>
  </parameters>
    <dataQuery>
		<sqlStatement name="Q_NFEE">
			<![CDATA[ 
                              SELECT DISTINCT cfeo.operation_id               NRO_RI             
                     ,ood.organization_code           FILIAL             
                     ,cfi.invoice_num                 NOTA_FISCAL        
                     ,cfi.series                      SERIE              
                     ,to_char( cfi.invoice_date, 'yyyy/mm/dd' )                DATA_EMISSAO       
                     ,pv.vendor_name                  FORNECEDOR         
                     ,cfit.invoice_type_code          TIPO_NOTA          
                     ,to_char( cfi.first_payment_date, 'yyyy/mm/dd' )          PRIMEIRO_VENCIMENTO
                     ,cfi.gross_total_amount          TOTAL              
                     ,fu.user_name                    APROVADOR_RI       
                    -- ,pha.segment1                    "POS" 
                    , (  select   pha.segment1
                            from    po_distributions_all            pda
                                   ,po_headers_all                  pha
                                    where 1=1 and rownum = 1
                                    AND cfil.line_location_id           = pda.line_location_id (+)
                                    AND pda.po_header_id                = pha.po_header_id )  "POS"    
                     ,aag.name                        GRUPO_IMPOSTO      
                     ,nvl( cfi.ir_amount, 0 )         VALOR_IR           
                     ,nvl( cfi.iss_amount, 0 )        VALOR_ISS          
                     ,nvl( cfi.inss_amount, 0 )       VALOR_INSS         
                     ,DECODE(nrc.source, 'DOWN_XML','Download XML','VALIDA_SEFAZ','Validação Sefaz','CIENCIA','Ciência da Operação', 'CIÊNCIA','Ciência da Operação','CIOP','Ciência da Operação', 'CONFIRMOPER','Confirmação da Operação', 'DESCONHOPER','Desconhecimento da Operação', 'OPERNAOREALIZ','Operação não realizada') STATUS_SEFAZ
                     ,regexp_replace(LPAD(pvs.global_attribute10||pvs.global_attribute11||pvs.global_attribute12, 15, '0'),'([0-9]{3})([0-9]{3})([0-9]{3})([0-9]{4})([0-9]{2})','\1.\2.\3/\4-\5') CNPJ_FORNECEDOR
                     ,ood.organization_code||' '|| ood.organization_name LOCAL_ENTREGA
                     ,to_char( nrc.date_created, 'yyyy/mm/dd' )                DATA_STATUS_SEFAZ
                     ,decode (cfeo.reversion_flag,'R', 'Revertido','S','Reversão','')            DOCUMENTO_REVERTIDO
                     ,to_char( cfi.eletronic_invoice_key) CHAVE
                 FROM cll_f189_entry_operations       cfeo
                     ,cll_f189_invoices               cfi
                     ,cll_f189_invoice_lines          cfil
                     ,cll_f189_invoice_types          cfit
                     ,org_organization_definitions    ood
                     ,fnd_user                        fu
                     ,cll_f189_fiscal_entities_all    fea
                     ,po_vendor_sites_all             pvs
                     ,po_vendors                      pv
                     ,ap_awt_groups                   aag
                     ,nfee_retorno_consulta           nrc
                WHERE cfi.operation_id                = cfeo.operation_id
                  AND cfi.organization_id             = cfeo.organization_id
                  AND cfil.invoice_id                 = cfi.invoice_id
                  AND cfil.organization_id            = cfi.organization_id
                  AND cfit.organization_id            = cfeo.organization_id
                  AND cfit.invoice_type_id            = cfi.invoice_type_id
                  AND ood.organization_id             = cfeo.organization_id
                  AND fu.user_id                      = cfeo.last_updated_by
                  AND cfi.entity_id                   = fea.entity_id
                  AND fea.vendor_site_id              = pvs.vendor_site_id
                  AND pv.vendor_id                    = pvs.vendor_id
                  AND cfil.awt_group_id               = aag.group_id(+)                  
                  AND nrc.chave                       = cfi.eletronic_invoice_key
                  AND ood.organization_code           = NVL( :P_ORGANIZATION_CODE, ood.organization_code )
                  AND fu.user_name                    = NVL( :P_USER_NAME, fu.user_name )
                  AND cfeo.receive_date               BETWEEN NVL( to_date( :P_RECEIVE_DATE_DE, 'yyyy/mm/dd hh24:mi:ss' ), cfeo.receive_date )
                                                          AND NVL( to_date( :P_RECEIVE_DATE_ATE, 'yyyy/mm/dd hh24:mi:ss' ), cfeo.receive_date )
                  AND pv.vendor_id                    = NVL( :P_VENDOR_ID, pv.vendor_id )
                  AND nvl( nrc.source, 'X' )          = NVL( :P_STATUS_SEFAZ, nvl( nrc.source, 'X' ) )
                  AND nvl( cfeo.reversion_flag, 'T' ) = NVL( decode( :P_REVERSION_FLAG, 'Y', 'S', 'N', 'R', :P_REVERSION_FLAG ), nvl( cfeo.reversion_flag, 'T' ) )
                              
                  UNION ALL
                  
                  SELECT DISTINCT NULL               NRO_RI             
                     ,ood.organization_code           FILIAL             
                     ,to_number(nhx.nnf)                NOTA_FISCAL        
                     ,nhx.series                      SERIE              
                     ,to_char( nhx.demi, 'yyyy/mm/dd' )                DATA_EMISSAO       
                     ,pv.vendor_name                  FORNECEDOR         
                     ,nhx.tipo_nf          TIPO_NOTA          
                     ,null          PRIMEIRO_VENCIMENTO
                     ,nhx.vlr_tot_nfe          TOTAL              
                     ,null                   APROVADOR_RI       
                     ,null                    "POS"              
                     ,null                        GRUPO_IMPOSTO      
                     ,null        VALOR_IR           
                     ,null        VALOR_ISS          
                     ,null        VALOR_INSS         
                     , DECODE(nrc.source, 'VALIDA_SEFAZ','Validação Sefaz', 'CIÊNCIA','Ciência da Operação', 'CONFIRMOPER','Confirmação da Operação', 'DESCONHOPER','Desconhecimento da Operação', 'OPERNAOREALIZ','Operação não realizada') STATUS_SEFAZ
                     ,regexp_replace(LPAD(nhx.cnpj_emit, 15, '0'),'([0-9]{3})([0-9]{3})([0-9]{3})([0-9]{4})([0-9]{2})','\1.\2.\3/\4-\5') CNPJ_FORNECEDOR
                     ,ood.organization_code||' '|| ood.organization_name LOCAL_ENTREGA
                     ,to_char( nrc.date_created, 'yyyy/mm/dd' )                DATA_STATUS_SEFAZ
                     ,null             DOCUMENTO_REVERTIDO
                     ,to_char( nhx.chave ) CHAVE
                 FROM 
                     nfee_retorno_consulta nrc,
                     nfee_header_xml nhx,
                     org_organization_definitions    ood,
                     po_vendors                      pv ,
                     po_vendor_sites_all             pvs
                 
                 WHERE 1=1
                     and nrc.chave = nhx.chave
                     and nhx.organization_id = ood.organization_id
                     AND pv.vendor_id = nhx.vendor_id
                     AND nhx.vendor_site_id = pvs.vendor_site_id
                     AND ood.organization_code           = NVL( :P_ORGANIZATION_CODE, ood.organization_code )
                     AND nrc.date_created               BETWEEN NVL( to_date( :P_RECEIVE_DATE_DE, 'yyyy/mm/dd hh24:mi:ss' ), nrc.date_created  )
                                                         AND NVL( to_date( :P_RECEIVE_DATE_ATE, 'yyyy/mm/dd hh24:mi:ss' ), nrc.date_created  )
                     AND pv.vendor_id                    = NVL( :P_VENDOR_ID, pv.vendor_id )
                     AND nvl( nrc.source, 'X' )          = NVL( :P_STATUS_SEFAZ, nvl( nrc.source, 'X' ) )
                     AND nrc.source in ('OPERNAOREALIZ','DESCONHOPER')			  
				  
			]]>
	  </sqlStatement>		
	</dataQuery>
	<!-- Datastructure -->
	<dataStructure>	
	  <group name="G_NFEE" source="Q_NFEE">
		<element name="NRO_RI"                 value="NRO_RI" />           
		<element name="FILIAL"                 value="FILIAL" />           
		<element name="NOTA_FISCAL"            value="NOTA_FISCAL" />      
		<element name="SERIE"                  value="SERIE" />            
		<element name="DATA_EMISSAO"           value="DATA_EMISSAO" />     
		<element name="FORNECEDOR"             value="FORNECEDOR" />       
		<element name="TIPO_NOTA"              value="TIPO_NOTA" />        
		<element name="PRIMEIRO_VENCIMENTO"    value="PRIMEIRO_VENCIMENTO" />
		<element name="TOTAL"                  value="TOTAL" />            
		<element name="APROVADOR_RI"           value="APROVADOR_RI" />     
		<element name="POS"                    value="POS" />              
		<element name="GRUPO_IMPOSTO"          value="GRUPO_IMPOSTO" />    
		<element name="VALOR_IR"               value="VALOR_IR" />         
		<element name="VALOR_ISS"              value="VALOR_ISS" />
		<element name="VALOR_INSS"             value="VALOR_INSS" />
		<element name="CNPJ_FORNECEDOR"        value="CNPJ_FORNECEDOR" />
		<element name="LOCAL_ENTREGA"          value="LOCAL_ENTREGA" />
		<element name="STATUS_SEFAZ"           value="STATUS_SEFAZ" />
		<element name="DATA_STATUS_SEFAZ"      value="DATA_STATUS_SEFAZ" />
		<element name="DOCUMENTO_REVERTIDO"    value="DOCUMENTO_REVERTIDO"/>
		<element name="CHAVE"    			   value="CHAVE"/>
      </group>
	</dataStructure>
</dataTemplate>