<?xml version = '1.0' encoding = 'UTF-8'?>
<customization xmlns="http://xmlns.oracle.com/jrad" version="9.0.6.0.0_54" xml:lang="en-US" customizes="/oracle/apps/po/notifications/webui/POApprvNotifRN" controllerClass="esbr.oracle.apps.po.notifications.webui.esbrPOApprvNotifCO" xmlns:oa="http://xmlns.oracle.com/oa">
   <modifications>
      <insert before="HeaderDetailsRN">
         <oa:messageStyledText id="EsbrMensagem" adminCustomizable="true" cellNoWrapFormat="false" dataType="VARCHAR2" initSortSeq="none" popupEnabled="false" popupRenderEvent="onClick" queryable="false" rendered="true" required="no" scope="." selectiveSearchCriteria="false" serverUnvalidated="false" sortState="no" styleClass="OraErrorNameText" tipType="none" totalValue="false" userCustomizable="false" vAlign="middle" warnAboutChanges="true" xmlns:oa="http://xmlns.oracle.com/oa"/>
      </insert>
      <move element="LineDetailsRN" after="HeaderDetailsRN"/>
      <move element="ItemName" after="LineNum"/>
      <move element="ItemRevision" after="ItemName"/>
      <move element="ItemDescription" after="ItemRevision"/>
      <move element="Uom" after="ItemDescription"/>
      <move element="Quantity" after="Uom"/>
      <move element="UnitPrice" after="Quantity"/>
      <move element="LineAmount" after="UnitPrice"/>
      <move element="NeedByDate" after="LineAmount"/>
      <move element="ProjectName" after="NeedByDate"/>
      <move element="Task" after="ProjectName"/>
   </modifications>
</customization>
