<?xml version = '1.0' encoding = 'UTF-8'?>
<graphics>
   <diagram optimizeLayout="false" popupEditor="true" fixedWidthSwimlanes="true" roundedPartnerlinks="true" centerZoom="true" validateOnLoad="true" confirmBeforeDelete="true" selectedPartnerLinkColor="0,0,153" swimlaneBackground="240,240,240" swimlaneDividerBackground="218,218,218" graphBackground="255,255,255" selectedBorderBackground="49,105,198" connectedPartnerLinkColor="204,204,255" connectablePartnerLinkColor="0,0,255" unconnectedPartnerLinkColor="192,192,192"/>
   <annotationfile/>
   <iconize/>
   <partnerlink_locations>
      <partnerlink name="SetWorkService" x="11" y="559" side="left"/>
      <partnerlink name="RegistraLogDB" x="11" y="502" side="left"/>
      <partnerlink name="SaeEamWorkRequestPkDB" x="1154" y="317" side="right"/>
   </partnerlink_locations>
   <graph_layout viewport="0,308,1280,574" show_swimlanes="true">
      <layout_item collapsed="false" xpath="/process" type="process" showhandlers="true"/>
      <layout_item collapsed="false" xpath="/process/faultHandlers/catchAll" type="catchall"/>
      <layout_item collapsed="false" xpath="/process/faultHandlers/catchAll/sequence" type="sequence"/>
      <layout_item collapsed="false" xpath="/process/faultHandlers/catchAll/sequence/scope" type="scope" showhandlers="true"/>
      <layout_item collapsed="false" xpath="/process/faultHandlers/catchAll/sequence/scope/faultHandlers/catchAll" type="catchall"/>
      <layout_item collapsed="false" xpath="/process/faultHandlers/catchAll/sequence/scope/sequence" type="sequence"/>
      <layout_item collapsed="false" xpath="/process/sequence" type="sequence"/>
      <layout_item collapsed="false" xpath="/process/sequence/sequence" type="sequence"/>
      <layout_item collapsed="false" xpath="/process/sequence/sequence/scope" type="scope" showhandlers="true"/>
      <layout_item collapsed="false" xpath="/process/sequence/sequence/scope/faultHandlers/catchAll" type="catchall"/>
   </graph_layout>
   <bookmarks/>
</graphics>
