<?xml version = '1.0' encoding = 'UTF-8'?>
<customization xmlns="http://xmlns.oracle.com/jrad" version="9.0.6.0.0_64" xml:lang="en-US" customizes="/oracle/apps/icx/por/req/webui/EditSubmitPG" file-version="$Header: EditSubmitPG.xml 120.0.0.0 2019/25/09 22:34:17 lcarmo ship $" package="/oracle/apps/icx/por/req/webui/customizations/site/0">
   <modifications>
      <modify element="Justification" prompt="Justificativa/Descrição" required="yes"/>
      <modify element="PcardHeader" rendered="false"/>
      <modify element="DescFlexLayoutRN" rendered="true"/>
      <modify element="spotBuySuppCol" rendered="false"/>
      <modify element="Attachment" rendered="false"/>
      <modify element="AttachmentsCol" rendered="false"/>
      <modify element="AttachmentsColHdr" rendered="false"/>
      <modify element="ReqHeaderDFF" rendered="false"/>
      <modify element="PageLayoutRN" controllerClass="xxbk.oracle.apps.icx.por.req.webui.EditSubmitCOEx"/>
   </modifications>
</customization>
