<?xml version="1.0" encoding="ISO-8859-1"?>
<dataTemplate name="XXSTN_AP_CARGA_NOTA_REL">
  <parameters>
  </parameters>
  <dataQuery>
    <sqlStatement name="Q_ERROS">
      <![CDATA[
						         select distinct xaii.file_name                             file_name
					               , xaii.status                                         status
					               , xaii.mensagem_status                                mensagem_status
				               	, xaii.unid_oper                                      unid_oper
	               				, xaii.nr_fornecedor                                  nr_fornecedor
	               				, to_char(xaii.local_fornecedor)                      local_fornecedor
					               , xaii.tipo_nf                                        tipo_nf
					               , xaii.nr_nf                                          nr_nf
					               , to_char(xaii.dt_nf,'dd/mm/rrrr hh24:mi:ss')         dt_nf
					               , xaii.vl_nf                                          vl_nf
					               , xaii.source                                         source
					               , to_char(xaii.data_contabil,'dd/mm/rrrr hh24:mi:ss') data_contabil
					               , xaii.combinacao_contabil                            combinacao_contabil
					               , to_char(xaii.creation_date,'dd/mm/rrrr hh24:mi:ss') creation_date
                 from apps.xxstn_ap_invoices_interface xaii
                where xaii.status <> 'P'
                order 
	                  by to_char(xaii.creation_date,'dd/mm/rrrr hh24:mi:ss') 
				                , xaii.file_name
      ]]>
    </sqlStatement>
  </dataQuery>
<!-- Datastructure -->
  <dataStructure>
    <group name="G_ERROS" source="Q_ERROS">
      <element name="file_name"            value="file_name"/>
      <element name="status"               value="status"/>
      <element name="mensagem_status"      value="mensagem_status"/>
      <element name="unid_oper"            value="unid_oper"/>
      <element name="nr_fornecedor"        value="nr_fornecedor"/>
      <element name="local_fornecedor"     value="local_fornecedor"/>
      <element name="tipo_nf"              value="tipo_nf"/>
      <element name="nr_nf"                value="nr_nf"/>
      <element name="dt_nf"                value="dt_nf"/>
      <element name="vl_nf"                value="vl_nf"/>
      <element name="source"               value="source"/>
      <element name="data_contabil"        value="data_contabil"/>
      <element name="combinacao_contabil"  value="combinacao_contabil"/>
      <element name="creation_date"        value="creation_date"/>
    </group>
  </dataStructure>
</dataTemplate>