<?xml version="1.0" encoding="UTF-8" ?>
<!-- Generated by Oracle SOA Modeler version 11.1.1.7.0 at [6/26/18 10:21 AM]. -->
<composite name="AssetService"
           revision="2.0"
           label="2018-06-26_10-21-18_400"
           mode="active"
           state="on"
           xmlns="http://xmlns.oracle.com/sca/1.0"
           xmlns:xs="http://www.w3.org/2001/XMLSchema"
           xmlns:wsp="http://schemas.xmlsoap.org/ws/2004/09/policy"
           xmlns:orawsp="http://schemas.oracle.com/ws/2006/01/policy"
           xmlns:ui="http://xmlns.oracle.com/soa/designer/">
  <import namespace="http://xmlns.oracle.com/pcbpel/adapter/db/AppSoaEbs/AssetService/SaeEamAssetsInfoPkDB"
          location="SaeEamAssetsInfoPkDB.wsdl" importType="wsdl"/>
  <import namespace="http://ebs.sae.ind.br/AssetService/"
          location="AssetService.wsdl" importType="wsdl"/>
  <import namespace="http://ebs.sae.ind.br/AssetService/GetAsset"
          location="AssetServiceBpel.wsdl" importType="wsdl"/>
  <import namespace="http://xmlns.oracle.com/pcbpel/adapter/db/AppEbs/AssetService/RegistraLogDB"
          location="RegistraLogDB.wsdl" importType="wsdl"/>
  <service name="AssetService" ui:wsdlLocation="AssetService.wsdl">
    <interface.wsdl interface="http://ebs.sae.ind.br/AssetService/#wsdl.interface(AssetService)"/>
    <binding.ws port="http://ebs.sae.ind.br/AssetService/#wsdl.endpoint(AssetService_2/AssetService_pt)">
      <property name="weblogic.wsee.wsat.transaction.flowOption"
                type="xs:string" many="false">NEVER</property>
    </binding.ws>
  </service>
  <property name="productVersion" type="xs:string" many="false">11.1.1.7.0</property>
  <component name="AssetServiceMed">
    <implementation.mediator src="AssetServiceMed.mplan"/>
  </component>
  <component name="AssetServiceBpel" version="2.0">
    <implementation.bpel src="AssetServiceBpel.bpel"/>
    <property name="bpel.config.transaction" type="xs:string" many="false">required</property>
    <property name="bpel.config.oneWayDeliveryPolicy" type="xs:string"
              many="false">async.persist</property>
  </component>
  <reference name="SaeEamAssetsInfoPkDB"
             ui:wsdlLocation="SaeEamAssetsInfoPkDB.wsdl">
    <interface.wsdl interface="http://xmlns.oracle.com/pcbpel/adapter/db/AppSoaEbs/AssetService/SaeEamAssetsInfoPkDB#wsdl.interface(SaeEamAssetsInfoPkDB_ptt)"/>
    <binding.jca config="SaeEamAssetsInfoPkDB_db.jca"/>
    <property name="jca.retry.count" type="xs:int" many="false" override="may">1</property>
    <property name="jca.retry.interval" type="xs:int" many="false"
              override="may">1</property>
    <property name="jca.retry.backoff" type="xs:int" many="false"
              override="may">2</property>
    <property name="jca.retry.maxInterval" type="xs:string" many="false"
              override="may">120</property>
  </reference>
  <reference name="RegistraLogDB" ui:wsdlLocation="RegistraLogDB.wsdl">
    <interface.wsdl interface="http://xmlns.oracle.com/pcbpel/adapter/db/AppEbs/AssetService/RegistraLogDB#wsdl.interface(RegistraLogDB_ptt)"/>
    <binding.jca config="RegistraLogDB_db.jca"/>
    <property name="jca.retry.count" type="xs:int" many="false" override="may">1</property>
    <property name="jca.retry.interval" type="xs:int" many="false"
              override="may">1</property>
    <property name="jca.retry.backoff" type="xs:int" many="false"
              override="may">2</property>
    <property name="jca.retry.maxInterval" type="xs:string" many="false"
              override="may">120</property>
  </reference>
  <wire>
    <source.uri>AssetService</source.uri>
    <target.uri>AssetServiceMed/AssetServiceMed</target.uri>
  </wire>
  <wire>
    <source.uri>AssetServiceBpel/SaeEamAssetsInfoPkDB</source.uri>
    <target.uri>SaeEamAssetsInfoPkDB</target.uri>
  </wire>
  <wire>
    <source.uri>AssetServiceMed/AssetServiceBpel.GetAsset</source.uri>
    <target.uri>AssetServiceBpel/GetAsset</target.uri>
  </wire>
  <wire>
    <source.uri>AssetServiceBpel/RegistraLogDB</source.uri>
    <target.uri>RegistraLogDB</target.uri>
  </wire>
</composite>
