<?xml version = '1.0' encoding = 'UTF-8'?>
<customization xmlns="http://xmlns.oracle.com/jrad" version="9.0.6.0.0_64" xml:lang="en-US" customizes="/oracle/apps/icx/por/req/webui/ShoppingCartPopupRN" file-version="$Header: ShoppingCartPopupRN.xml 120.0.0.0 2019/25/09 22:34:17 lcarmo ship $" controllerClass="xxbk.oracle.apps.icx.por.req.webui.ShoppingCartPopupCOEx" package="/oracle/apps/icx/por/req/webui/customizations/site/0">
   <modifications>
      <modify element="Image" rendered="false"/>
      <modify element="ItemNum" rendered="true"/>
      <modify element="UrgentCheckBox" rendered="false"/>
      <modify element="EmergencyReqCheckbox" rendered="false"/>
      <modify element="ReqJustification" prompt="Justificativa/Descrição" required="yes"/>
      <modify element="PCard" rendered="false"/>
      <modify element="ProjectOnSummaryExpense" rendered="false"/>
      <modify element="TaskExpense" rendered="false"/>
      <modify element="ExpenditureTypeMultiple" rendered="false"/>
      <modify element="ExpenditureTypeOnSummary" rendered="false"/>
      <modify element="ExpenditureOrg" rendered="false"/>
      <modify element="TransactionNature" readOnly="true" rendered="true"/>
      <modify element="ExpenditureItemDate" rendered="false"/>
      <modify element="BillingSummaryRN" text="Rateio e Alteração de Centro de Custo"/>
      <modify element="ReqHdrDFFStackLayout" rendered="true"/>
   </modifications>
</customization>
