<?xml version = '1.0' encoding = 'UTF-8'?>
<customization xmlns="http://xmlns.oracle.com/jrad" version="9.0.6.0.0_55" xml:lang="en-US" customizes="/oracle/apps/eam/stores/materialissue/webui/MaterialIssuePG" xmlns:oa="http://xmlns.oracle.com/oa">
   <modifications>
      <move element="MaterialDescription1" after="ConcatenatedSegments"/>
      <move element="WorkOrderName" after="MaterialDescription1"/>
      <insert before="WorkOrderName">
         <oa:image id="SAE_FERRAMENTARIA" adminCustomizable="true" cellNoWrapFormat="false" dataType="VARCHAR2" initSortSeq="none" popupEnabled="false" popupRenderEvent="onClick" prompt="Ferramentas" rendered="true" scope="." serverUnvalidated="false" shortDesc="Entrar com Informações da Ferramenta" sortState="no" source="getparts_enabled.gif" userCustomizable="false" warnAboutChanges="true" xmlns:oa="http://xmlns.oracle.com/oa"/>
      </insert>
      <move element="RequestNumber" after="WorkOrderName"/>
      <move element="RequestLine" after="RequestNumber"/>
      <move element="PrimaryQuantity" after="RequestLine"/>
      <move element="IssueQuantity" after="PrimaryQuantity"/>
      <move element="Reason" after="IssueQuantity"/>
      <move element="Reference" after="Reason"/>
      <move element="DeleteRemainingAllocation" after="Reference"/>
      <move element="ReplacedRebuildDetails" after="DeleteRemainingAllocation"/>
      <move element="Delete" after="ReplacedRebuildDetails"/>
      <move element="hidWorkOrderName" after="Delete"/>
      <move element="hidOperationSeqNum" after="hidWorkOrderName"/>
      <move element="hidSourceSubinventory" after="hidOperationSeqNum"/>
      <move element="hidDateRequired" after="hidSourceSubinventory"/>
      <move element="hidCreatedBy" after="hidDateRequired"/>
      <move element="hidSourceLocator" after="hidCreatedBy"/>
      <move element="ReasonId" after="hidSourceLocator"/>
      <move element="MaterialDescription2" after="lsConcatenatedSegments"/>
      <move element="lsWorkOrderName" after="MaterialDescription2"/>
      <insert before="lsWorkOrderName">
         <oa:image id="SAE_FERRAMENTARIA_SERIE" adminCustomizable="true" cellNoWrapFormat="false" comment="Entrar com Informações da Ferramenta" dataType="VARCHAR2" initSortSeq="none" popupEnabled="false" popupRenderEvent="onClick" prompt="Ferramentas" rendered="true" scope="." serverUnvalidated="false" sortState="no" source="getparts_enabled.gif" userCustomizable="false" warnAboutChanges="true" xmlns:oa="http://xmlns.oracle.com/oa"/>
      </insert>
      <move element="lsRequestNumber" after="lsWorkOrderName"/>
      <move element="lsRequestLine" after="lsRequestNumber"/>
      <move element="lsPrimaryQuantity" after="lsRequestLine"/>
      <move element="lsDelete" after="lsPrimaryQuantity"/>
      <move element="hidlsWorkOrderName" after="lsDelete"/>
      <move element="hidlsOperationSeqNum" after="hidlsWorkOrderName"/>
      <move element="hidlsSourceSubinventory" after="hidlsOperationSeqNum"/>
      <move element="hidlsSourceLocator" after="hidlsSourceSubinventory"/>
      <move element="hidlsDateRequired" after="hidlsSourceLocator"/>
      <move element="hidlsCreatedBy" after="hidlsDateRequired"/>
      <modify element="PageLayoutRN" controllerClass="xxsae.oracle.apps.eam.stores.materialissue.webui.SaeEamMaterialIssuePageExtCO"/>
   </modifications>
</customization>
