<?xml version="1.0" encoding="ISO-8859-1"?>
<!-- $Header: SAE_PO_PAYMENT_CLOSURE.xml 120.3 13/08/19 22:43:35 appldev ship $ -->
<!-- 
+=================================================================+
|           Copyright(c) 2013 - Santo Antonio Energia             |
|            Sao Paulo, Brasil, All rights reserved.              |
+=================================================================+
| FILENAME                                                        |
|   SAE_PO_PAYMENT_CLOSURE.xml                                    |
|                                                                 |
| PURPOSE                                                         |
|   SAE_PO_PAYMENT_CLOSURE - Relatorio de Caucao Encerramento do  |
|   Contrato.                                                     |
|                                                                 |
| [DESCRIPTION]                                                   |
|   O Relatorio de Caucao para encerramento do Contrato permite o |
|   usuario visualizar o saldo de retencoes por fornecedor e por  |
|   contrato.                                                     |
|                                                                 |
| PARAMETERS                                                      |
|    Script: P_ORG_ID: Unidade Operacional                        |
|            P_PO_HEADER_ID: Id Contrato                          |
|            P_START_DATE: Data Inicio                            |
|            P_END_DATE: Date Fim                                 |
|                                                                 |
| CREATED BY                                                      |
|   Daniel Tir Pellinson                (07/01/2013)              |
|                                                                 |
| ALTERED BY                                                      |
|   #120.3   Mariana Andrade Resende    (13/08/2019)              |
|                                                                 |
+=================================================================+
-->  
<dataTemplate name="DADOS" description="Relatorio de Caucao para Encerramento do Contrato" defaultPackage="SAE_PO_PAYMENT_CLOSURE_PK">
    <parameters>
        <parameter name="P_ORG_ID"           dataType="Number"/>
        <parameter name="P_PO_HEADER_ID"     dataType="Number"/>
		<parameter name="P_VENDOR_ID"     dataType="Number"/>
    </parameters>
    
    <dataQuery>
           
		  <sqlStatement name="Q_LOGO">
		  	<![CDATA[SELECT sae_get_blob_xml (b.logo_image_web) LOGO_IMAGE, b.logo_seq LOGO_SEQ
                   FROM sae_hr_of_for_logos a, sae_logotipos b
                  WHERE a.logo_seq = b.logo_seq
                    AND a.organization_id = :P_ORG_ID]]>
		  </sqlStatement>
           
      <sqlStatement name="Q_CABECALHO">
        <![CDATA[SELECT sae.organization_name            NOME_EMPRESA
					   ,sae.registration_number_formated CNPJ
					   ,sae.address_complete             ENDERECO
					   ,sae.town_or_city                 CIDADE
					   ,sae.region_2                     ESTADO
					   ,sae.postal_code_formated         CEP
					   ,sae.phone_number                 TELEFONE
					   ,sae.fax_number                   FAX
					   ,sae.location_id
				   FROM sae_hr_org_informations_v  sae 
                  WHERE sae.organization_id = :P_ORG_ID]]>
      </sqlStatement>

      <sqlStatement name="Q_CONTRATO">
        <![CDATA[SELECT org_id                        
                       ,po_header_id        PO_HEADER_ID_1         
                       ,contract_number     CONTRATO          
                       ,vendor_name         CONTRATADO          
                       ,comments            OBJETO_CONTRATO          
                       ,contract_amount     VALOR_CONTRATO          
                       ,add_amount          ADITIVO_01          
                       ,adjusted_amount     VALOR_AJUSTADO          
                       ,Remainder_amount    SALDO_CONTRATUAL          
                       ,start_date          DATA_INICIO          
                       ,end_date            DATA_FIM    
                       ,po_currency_code    MOEDA_CONTRATO                        
                       ,conc_request_id   
                  FROM sae_po_headers_pay_closure_tmp
                 WHERE conc_request_id = FND_GLOBAL.conc_request_id   ]]>
      </sqlStatement>

      <sqlStatement name="Q_NOTA_FISCAL">
        <![CDATA[SELECT org_id                     
                       ,po_header_id             PO_HEADER_ID_2
                       ,invoice_id                 
                       ,invoice_payment_date     DATA_PAGAMENTO  
                       ,invoice_number           NOTA_FISCAL  
                       ,payment_amount           VALOR  
                       ,warrant_amount           CAUCAO  
                       ,ap_currency_code         MOEDA_NF                        
                       ,conc_request_id      
                   FROM sae_po_lines_pay_closure_tmp 
                  WHERE conc_request_id = FND_GLOBAL.conc_request_id  
				    AND po_header_id = :PO_HEADER_ID_1]]>
      </sqlStatement>

      <sqlStatement name="Q_RETENCAO">
        <![CDATA[SELECT org_id                        
                       ,po_header_id             PO_HEADER_ID_3    
                       ,ret_principal_amount     RETENCAO_VALOR_PRINCIPAL          
                       ,ret_adjusted_amount      RETENCAO_VALOR_REAJUSTE          
                       ,po_currency_code         RETENCAO_MOEDA                        
                       ,conc_request_id   
                  FROM sae_po_headers_pay_closure_tmp
                 WHERE conc_request_id = FND_GLOBAL.conc_request_id   
				   AND po_header_id = :PO_HEADER_ID_1]]>
      </sqlStatement>
      
    </dataQuery>
	
	<link name="LINK_1" parentQuery="Q_CONTRATO" parentColumn="PO_HEADER_ID_1" childQuery="Q_NOTA_FISCAL" childColumn="PO_HEADER_ID_2"/>
	<link name="LINK_2" parentQuery="Q_CONTRATO" parentColumn="PO_HEADER_ID_1" childQuery="Q_RETENCAO" childColumn="PO_HEADER_ID_3"/>

    <dataTrigger name="beforeReport" source="SAE_PO_PAYMENT_CLOSURE_PK.MAIN_F(:P_ORG_ID,:P_PO_HEADER_ID, :P_VENDOR_ID)"/>
    
    <dataStructure>

      <group name="G_CABECALHO"  source="Q_CABECALHO"> 
		<element name="NOME_EMPRESA"              value="NOME_EMPRESA"/>
	    <element name="CNPJ"                      value="CNPJ"/>
	 	<element name="ENDERECO"                  value="ENDERECO"/>
	 	<element name="CIDADE"                    value="CIDADE"/>
	 	<element name="ESTADO"                    value="ESTADO"/>
	 	<element name="CEP"                       value="CEP"/>
	 	<element name="TELEFONE"                  value="TELEFONE"/>  
  		<element name="FAX"                       value="FAX"/>
  		<group name="G_LOGO" source="Q_LOGO">
  		  <element name="LOGO_SEQ"   value="LOGO_SEQ"/>
	  	  <element name="LOGO_IMAGE" value="LOGO_IMAGE"/>
	  	</group>
      </group>

      <group name="G_CONTRATO"   source="Q_CONTRATO"> 
	    <element name="PO_HEADER_ID_1"              value="PO_HEADER_ID_1"/>
		<element name="CONTRATO"                  value="CONTRATO"/>
	    <element name="CONTRATADO"                value="CONTRATADO"/>
	 	<element name="OBJETO_CONTRATO"           value="OBJETO_CONTRATO"/>
	 	<element name="VALOR_CONTRATO"            value="VALOR_CONTRATO"/>
	 	<element name="ADITIVO_01"                value="ADITIVO_01"/>
	 	<element name="VALOR_AJUSTADO"            value="VALOR_AJUSTADO"/>
	 	<element name="SALDO_CONTRATUAL"          value="SALDO_CONTRATUAL"/>  
  		<element name="DATA_INICIO"               value="DATA_INICIO"/>
  		<element name="DATA_FIM"                  value="DATA_FIM"/>
  		<element name="MOEDA_CONTRATO"            value="MOEDA_CONTRATO"/>
  	    <group name="G_NOTA_FISCAL" source="Q_NOTA_FISCAL">
  		  <element name="PO_HEADER_ID_2"            value="PO_HEADER_ID_2"/>
		  <element name="DATA_PAGAMENTO"          value="DATA_PAGAMENTO"/>
	  	  <element name="NOTA_FISCAL"             value="NOTA_FISCAL"/>
   		  <element name="MOEDA_NF"                value="MOEDA_NF"/>
	  	  <element name="VALOR"                   value="VALOR"/>
	  	  <element name="CAUCAO"                  value="CAUCAO"/>
	  	</group>
  	    <group name="G_RETENCAO" source="Q_RETENCAO">  
  	      <element name="PO_HEADER_ID_3"                  value="PO_HEADER_ID_3"/>
		  <element name="RETENCAO_VALOR_PRINCIPAL"      value="RETENCAO_VALOR_PRINCIPAL"/>
	      <element name="RETENCAO_VALOR_REAJUSTE"       value="RETENCAO_VALOR_REAJUSTE"/>
   	  	  <element name="RETENCAO_MOEDA"                value="RETENCAO_MOEDA"/>
	    </group>        
      </group>
      
    </dataStructure>
    
</dataTemplate>

